{"type":"FeatureCollection","features":[{"type":"Feature","geometry":{"type":"Point","coordinates":[-96.7588,16.806]},"properties":{"name":"Santa Inés Yatzeche Municipality","language":"Ocotlán Zapotec","isoCode":"zac","glottocode":"ocot1244","family":"Otomanguean","group":"Zapotec","country":"Mexico","adminArea":"Oaxaca"}},{"type":"Feature","geometry":{"type":"Point","coordinates":[-96.72593889,16.83787528]},"properties":{"name":"Santa Ana Zegache","language":"Ocotlán Zapotec","isoCode":"zac","glottocode":"ocot1244","family":"Otomanguean","group":"Zapotec","country":"Mexico","adminArea":"Santa Ana Zegache Municipality"}},{"type":"Feature","geometry":{"type":"Point","coordinates":[-96.70583,16.80722]},"properties":{"name":"San Sebastián Ocotlán","language":"Ocotlán Zapotec","isoCode":"zac","glottocode":"ocot1244","family":"Otomanguean","group":"Zapotec","country":"Mexico","adminArea":"Santiago Apóstol Municipality"}},{"type":"Feature","geometry":{"type":"Point","coordinates":[-96.72241389,16.80426305]},"properties":{"name":"Santiago Apóstol","language":"Ocotlán Zapotec","isoCode":"zac","glottocode":"ocot1244","family":"Otomanguean","group":"Zapotec","country":"Mexico","adminArea":"Santiago Apóstol Municipality"}},{"type":"Feature","geometry":{"type":"Point","coordinates":[-96.68388889,16.80305556]},"properties":{"name":"San Antonino Castillo Velasco","language":"Ocotlán Zapotec","isoCode":"zac","glottocode":"ocot1244","family":"Otomanguean","group":"Zapotec","country":"Mexico","adminArea":"San Antonino Castillo Velasco Municipality"}},{"type":"Feature","geometry":{"type":"Point","coordinates":[-96.72138889,16.76194444]},"properties":{"name":"Asunción Ocotlán","language":"Ocotlán Zapotec","isoCode":"zac","glottocode":"ocot1244","family":"Otomanguean","group":"Zapotec","country":"Mexico","adminArea":"Asunción Ocotlán Municipality"}},{"type":"Feature","geometry":{"type":"Point","coordinates":[-96.7588,16.806]},"properties":{"name":"Santa Inés Yatzeche Municipality","language":"Ocotlán Zapotec","isoCode":"zac","glottocode":"ocot1244","family":"Otomanguean","group":"Zapotec","country":"Mexico","adminArea":"Oaxaca"}},{"type":"Feature","geometry":{"type":"Point","coordinates":[-96.72241389,16.80426305]},"properties":{"name":"Santiago Apóstol","language":"Ocotlán Zapotec","isoCode":"zac","glottocode":"ocot1244","family":"Otomanguean","group":"Zapotec","country":"Mexico","adminArea":"Santiago Apóstol Municipality"}},{"type":"Feature","geometry":{"type":"Point","coordinates":[-91.58333333,15.38333333]},"properties":{"name":"San Sebastián Huehuetenango","language":"Not recorded","isoCode":"mam: mvj","glottocode":"mamm1241: mamt1235","family":"Unclassified","group":"Unclassified","country":"Guatemala","adminArea":"Huehuetenango Department"}},{"type":"Feature","geometry":{"type":"Point","coordinates":[-91.6051,15.5116]},"properties":{"name":"Todos Santos Cuchumatán","language":"Not recorded","isoCode":"mam: mvj","glottocode":"mamm1241: mamt1235","family":"Unclassified","group":"Unclassified","country":"Guatemala","adminArea":"Huehuetenango Department"}},{"type":"Feature","geometry":{"type":"Point","coordinates":[-91.38233,15.39511]},"properties":{"name":"Chancol","language":"Not recorded","isoCode":"mam: mvj","glottocode":"mamm1241: mamt1235","family":"Unclassified","group":"Unclassified","country":"Guatemala","adminArea":"Huehuetenango"}},{"type":"Feature","geometry":{"type":"Point","coordinates":[-91.63333333,15.43333333]},"properties":{"name":"San Juan Atitán","language":"Not recorded","isoCode":"mam: mvj","glottocode":"mamm1241: mamt1235","family":"Unclassified","group":"Unclassified","country":"Guatemala","adminArea":"Huehuetenango Department"}},{"type":"Feature","geometry":{"type":"Point","coordinates":[-91.6051,15.5116]},"properties":{"name":"Todos Santos Cuchumatán","language":"Not recorded","isoCode":"mam: mvj","glottocode":"mamm1241: mamt1235","family":"Unclassified","group":"Unclassified","country":"Guatemala","adminArea":"Huehuetenango Department"}},{"type":"Feature","geometry":{"type":"Point","coordinates":[-91.58333333,15.38333333]},"properties":{"name":"San Sebastián Huehuetenango","language":"Not recorded","isoCode":"mam: mvj","glottocode":"mamm1241: mamt1235","family":"Unclassified","group":"Unclassified","country":"Guatemala","adminArea":"Huehuetenango Department"}},{"type":"Feature","geometry":{"type":"Point","coordinates":[-91.456761,15.3566902]},"properties":{"name":"Chiantla","language":"Not recorded","isoCode":"mam: mvj","glottocode":"mamm1241: mamt1235","family":"Unclassified","group":"Unclassified","country":"Guatemala","adminArea":"Huehuetenango Department"}},{"type":"Feature","geometry":{"type":"Point","coordinates":[-91.66023,15.45515]},"properties":{"name":"Cuate","language":"Not recorded","isoCode":"mam: mvj","glottocode":"mamm1241: mamt1235","family":"Unclassified","group":"Unclassified","country":"Guatemala","adminArea":"Huehuetenango"}},{"type":"Feature","geometry":{"type":"Point","coordinates":[-91.63333333,15.43333333]},"properties":{"name":"San Juan Atitán","language":"Not recorded","isoCode":"mam: mvj","glottocode":"mamm1241: mamt1235","family":"Unclassified","group":"Unclassified","country":"Guatemala","adminArea":"Huehuetenango Department"}},{"type":"Feature","geometry":{"type":"Point","coordinates":[-91.755234,15.80122]},"properties":{"name":"Nentón","language":"Not recorded","isoCode":"cac; kjb; knj","glottocode":"chuj1250, qanj1241, west2635","family":"Unclassified","group":"Unclassified","country":"Guatemala","adminArea":"Huehuetenango Department"}},{"type":"Feature","geometry":{"type":"Point","coordinates":[-91.22924,14.80696]},"properties":{"name":"Xequel","language":"Not recorded","isoCode":"cac; kjb; knj","glottocode":"chuj1250, qanj1241, west2635","family":"Unclassified","group":"Unclassified","country":"Guatemala","adminArea":"Sololá"}},{"type":"Feature","geometry":{"type":"Point","coordinates":[-91.56666667,15.73333333]},"properties":{"name":"San Sebastián Coatán","language":"Akateko","isoCode":"knj","glottocode":"west2635","family":"Mayan","group":"Mayan","country":"Guatemala","adminArea":"Huehuetenango Department"}},{"type":"Feature","geometry":{"type":"Point","coordinates":[-91.66524,15.75943]},"properties":{"name":"Chenicham II","language":"Akateko","isoCode":"knj","glottocode":"west2635","family":"Mayan","group":"Mayan","country":"Guatemala","adminArea":"Huehuetenango"}},{"type":"Feature","geometry":{"type":"Point","coordinates":[-97.02194444,18.57972222]},"properties":{"name":"Tlaxcantla, Veracruz de Ignacio de la Llave, Mexico","language":"Orizaba Nahuatl","isoCode":"nlv","glottocode":"oriz1235","family":"Uto-Aztecan","group":"Nahuan","country":"Mexico","adminArea":"Mixtla de Altamirano Municipality"}},{"type":"Feature","geometry":{"type":"Point","coordinates":[-97.28766,18.2917]},"properties":{"name":"San José Miahuatlán","language":"Nahuatl, Southeastern Puebla","isoCode":"npl","glottocode":"sout2973","family":"Uto-Aztecan","group":"Nahuan","country":"Mexico","adminArea":"San José Miahuatlán Municipality"}},{"type":"Feature","geometry":{"type":"Point","coordinates":[-99.501334,17.551944]},"properties":{"name":"Chilpancingo de los Bravo","language":"Alacatlatzala Mixtec","isoCode":"mim","glottocode":"alac1244","family":"Otomanguean","group":"Mixtec","country":"Mexico","adminArea":"Chilpancingo de los Bravo Municipality"}},{"type":"Feature","geometry":{"type":"Point","coordinates":[-96.93,18.64]},"properties":{"name":"Zongolica Municipality","language":"Orizaba Nahuatl","isoCode":"nlv","glottocode":"oriz1235","family":"Uto-Aztecan","group":"Nahuan","country":"Mexico","adminArea":"Veracruz"}},{"type":"Feature","geometry":{"type":"Point","coordinates":[-96.72241389,16.80426305]},"properties":{"name":"Santiago Apóstol","language":"Not recorded","isoCode":"spa","glottocode":"mexi1248","family":"Unclassified","group":"Unclassified","country":"Mexico","adminArea":"Santiago Apóstol Municipality"}},{"type":"Feature","geometry":{"type":"Point","coordinates":[-98.40805556,17.19555555]},"properties":{"name":"Metlatónoc","language":"Metlatónoc Mixtec","isoCode":"mxv","glottocode":"metl1238","family":"Otomanguean","group":"Mixtec","country":"Mexico","adminArea":"Metlatónoc Municipality"}},{"type":"Feature","geometry":{"type":"Point","coordinates":[-97.51527778,17.11805556]},"properties":{"name":"Santa Maria Yosoyúa","language":"Santa María Yosoyúa Mixtec","isoCode":"mig","glottocode":"0","family":"Otomanguean","group":"Mixtec","country":"Mexico","adminArea":"Santa María Yosoyúa Municipality"}},{"type":"Feature","geometry":{"type":"Point","coordinates":[-91.61666667,15.31666667]},"properties":{"name":"Malacatancito","language":"K'iche'","isoCode":"quc","glottocode":"kich1262","family":"Mayan","group":"Mayan","country":"Guatemala","adminArea":"Huehuetenango Department"}},{"type":"Feature","geometry":{"type":"Point","coordinates":[-97.51527778,17.11805556]},"properties":{"name":"Santa Maria Yosoyúa","language":"Santa María Yosoyúa Mixtec","isoCode":"mig","glottocode":"0","family":"Otomanguean","group":"Mixtec","country":"Mexico","adminArea":"Santa María Yosoyúa Municipality"}},{"type":"Feature","geometry":{"type":"Point","coordinates":[-101.55333333,19.79361111]},"properties":{"name":"Zipiajo","language":"Purepecha","isoCode":"tsz","glottocode":"pure1242","family":"Purépecha","group":"Purépecha","country":"Mexico","adminArea":"Michoacán"}},{"type":"Feature","geometry":{"type":"Point","coordinates":[-91.45,15.71666667]},"properties":{"name":"San Pedro Soloma","language":"Q'anjob'al","isoCode":"kjb","glottocode":"qanj1241","family":"Mayan","group":"Mayan","country":"Guatemala","adminArea":"Huehuetenango Department"}},{"type":"Feature","geometry":{"type":"Point","coordinates":[-97.7625,17.14444]},"properties":{"name":"Santo Tomás Ocotepec","language":"Alacatlatzala Mixtec","isoCode":"mim","glottocode":"alac1244","family":"Otomanguean","group":"Mixtec","country":"Mexico","adminArea":"Santo Tomás Ocotepec Municipality"}},{"type":"Feature","geometry":{"type":"Point","coordinates":[-97.79194,17.21583]},"properties":{"name":"Plan de Guadalupe, Oaxaca, Mexico","language":"Alacatlatzala Mixtec","isoCode":"mim","glottocode":"alac1244","family":"Otomanguean","group":"Mixtec","country":"Mexico","adminArea":"Heroica Ciudad de Tlaxiaco Municipality"}},{"type":"Feature","geometry":{"type":"Point","coordinates":[-98.10194444,17.30388889]},"properties":{"name":"San Martín Duraznos, Oaxaca, Mexico","language":"Juxtlahuaca Mixtec","isoCode":"vmc","glottocode":"juxt1235","family":"Otomanguean","group":"Mixtec","country":"Mexico","adminArea":"San Sebastián Tecomaxtlahuaca Municipality"}},{"type":"Feature","geometry":{"type":"Point","coordinates":[-96.93,18.64]},"properties":{"name":"Zongolica Municipality","language":"Orizaba Nahuatl","isoCode":"nlv","glottocode":"oriz1235","family":"Uto-Aztecan","group":"Nahuan","country":"Mexico","adminArea":"Veracruz"}},{"type":"Feature","geometry":{"type":"Point","coordinates":[-92.09611111,16.90722222]},"properties":{"name":"Ocosingo","language":"Tzeltal","isoCode":"tzh","glottocode":"tzel1254","family":"Mayan","group":"Mayan","country":"Mexico","adminArea":"Ocosingo Municipality"}},{"type":"Feature","geometry":{"type":"Point","coordinates":[-101.55416,19.67252]},"properties":{"name":"Santa Fe de la Laguna","language":"Purepecha","isoCode":"tsz","glottocode":"pure1242","family":"Purépecha","group":"Purépecha","country":"Mexico","adminArea":"Quiroga"}},{"type":"Feature","geometry":{"type":"Point","coordinates":[-101.63221,19.66943]},"properties":{"name":"San Andrés Tziróndaro","language":"Purepecha","isoCode":"tsz","glottocode":"pure1242","family":"Purépecha","group":"Purépecha","country":"Mexico","adminArea":"Quiroga"}},{"type":"Feature","geometry":{"type":"Point","coordinates":[-101.61166667,19.67916667]},"properties":{"name":"San Jerónimo Purenchécuaro","language":"Purepecha","isoCode":"tsz","glottocode":"pure1242","family":"Purépecha","group":"Purépecha","country":"Mexico","adminArea":"Quiroga Municipality"}},{"type":"Feature","geometry":{"type":"Point","coordinates":[-101.25666667,21.01777778]},"properties":{"name":"Guanajuato","language":"Not recorded","isoCode":"spa","glottocode":"mexi1248: nort3317","family":"Unclassified","group":"Unclassified","country":"Mexico","adminArea":"Guanajuato Municipality"}},{"type":"Feature","geometry":{"type":"Point","coordinates":[-101.63221,19.66943]},"properties":{"name":"San Andrés Tziróndaro","language":"Purepecha","isoCode":"tsz","glottocode":"pure1242","family":"Purépecha","group":"Purépecha","country":"Mexico","adminArea":"Quiroga"}},{"type":"Feature","geometry":{"type":"Point","coordinates":[-101.61166667,19.67916667]},"properties":{"name":"San Jerónimo Purenchécuaro","language":"Purepecha","isoCode":"tsz","glottocode":"pure1242","family":"Purépecha","group":"Purépecha","country":"Mexico","adminArea":"Quiroga Municipality"}},{"type":"Feature","geometry":{"type":"Point","coordinates":[-101.68639,19.70667]},"properties":{"name":"Santiago Azajo","language":"Purepecha","isoCode":"tsz","glottocode":"pure1242","family":"Purépecha","group":"Purépecha","country":"Mexico","adminArea":"Coeneo Municipality"}},{"type":"Feature","geometry":{"type":"Point","coordinates":[-96.66888889,16.53916667]},"properties":{"name":"Coatecas Altas","language":"Coatecas Altas Zapotec","isoCode":"zca","glottocode":"coat1244","family":"Otomanguean","group":"Zapotec","country":"Mexico","adminArea":"Coatecas Altas Municipality"}},{"type":"Feature","geometry":{"type":"Point","coordinates":[-101.55416,19.67252]},"properties":{"name":"Santa Fe de la Laguna","language":"Purepecha","isoCode":"tsz","glottocode":"pure1242","family":"Purépecha","group":"Purépecha","country":"Mexico","adminArea":"Quiroga"}},{"type":"Feature","geometry":{"type":"Point","coordinates":[-101.67388889,19.60222222]},"properties":{"name":"Puácuaro","language":"Purepecha","isoCode":"tsz","glottocode":"pure1242","family":"Purépecha","group":"Purépecha","country":"Mexico","adminArea":"Erongarícuaro Municipality"}},{"type":"Feature","geometry":{"type":"Point","coordinates":[-91.58333333,15.38333333]},"properties":{"name":"San Sebastián Huehuetenango","language":"Not recorded","isoCode":"mam: mvj","glottocode":"mamm1241: mamt1235","family":"Unclassified","group":"Unclassified","country":"Guatemala","adminArea":"Huehuetenango Department"}},{"type":"Feature","geometry":{"type":"Point","coordinates":[-91.456761,15.3566902]},"properties":{"name":"Chiantla","language":"Not recorded","isoCode":"mam: mvj","glottocode":"mamm1241: mamt1235","family":"Unclassified","group":"Unclassified","country":"Guatemala","adminArea":"Huehuetenango Department"}},{"type":"Feature","geometry":{"type":"Point","coordinates":[-101.63221,19.66943]},"properties":{"name":"San Andrés Tziróndaro","language":"Purepecha","isoCode":"tsz","glottocode":"pure1242","family":"Purépecha","group":"Purépecha","country":"Mexico","adminArea":"Quiroga"}},{"type":"Feature","geometry":{"type":"Point","coordinates":[-101.61166667,19.67916667]},"properties":{"name":"San Jerónimo Purenchécuaro","language":"Purepecha","isoCode":"tsz","glottocode":"pure1242","family":"Purépecha","group":"Purépecha","country":"Mexico","adminArea":"Quiroga Municipality"}},{"type":"Feature","geometry":{"type":"Point","coordinates":[-101.55416,19.67252]},"properties":{"name":"Santa Fe de la Laguna","language":"Purepecha","isoCode":"tsz","glottocode":"pure1242","family":"Purépecha","group":"Purépecha","country":"Mexico","adminArea":"Quiroga"}},{"type":"Feature","geometry":{"type":"Point","coordinates":[-101.67388889,19.60222222]},"properties":{"name":"Puácuaro","language":"Purepecha","isoCode":"tsz","glottocode":"pure1242","family":"Purépecha","group":"Purépecha","country":"Mexico","adminArea":"Erongarícuaro Municipality"}},{"type":"Feature","geometry":{"type":"Point","coordinates":[-96.72241389,16.80426305]},"properties":{"name":"Santiago Apóstol","language":"Ocotlán Zapotec","isoCode":"zac","glottocode":"ocot1244","family":"Otomanguean","group":"Zapotec","country":"Mexico","adminArea":"Santiago Apóstol Municipality"}},{"type":"Feature","geometry":{"type":"Point","coordinates":[-96.68388889,16.80305556]},"properties":{"name":"San Antonino Castillo Velasco","language":"Ocotlán Zapotec","isoCode":"zac","glottocode":"ocot1244","family":"Otomanguean","group":"Zapotec","country":"Mexico","adminArea":"San Antonino Castillo Velasco Municipality"}},{"type":"Feature","geometry":{"type":"Point","coordinates":[-96.7588,16.806]},"properties":{"name":"Santa Inés Yatzeche Municipality","language":"Ocotlán Zapotec","isoCode":"zac","glottocode":"ocot1244","family":"Otomanguean","group":"Zapotec","country":"Mexico","adminArea":"Oaxaca"}},{"type":"Feature","geometry":{"type":"Point","coordinates":[-96.72241389,16.80426305]},"properties":{"name":"Santiago Apóstol","language":"Ocotlán Zapotec","isoCode":"zac","glottocode":"ocot1244","family":"Otomanguean","group":"Zapotec","country":"Mexico","adminArea":"Santiago Apóstol Municipality"}},{"type":"Feature","geometry":{"type":"Point","coordinates":[-91.45,15.71666667]},"properties":{"name":"San Pedro Soloma","language":"Q'anjob'al","isoCode":"kjb","glottocode":"qanj1241","family":"Mayan","group":"Mayan","country":"Guatemala","adminArea":"Huehuetenango Department"}},{"type":"Feature","geometry":{"type":"Point","coordinates":[-91.45,15.6]},"properties":{"name":"San Juan Ixcoy","language":"Q'anjob'al","isoCode":"kjb","glottocode":"qanj1241","family":"Mayan","group":"Mayan","country":"Guatemala","adminArea":"Huehuetenango Department"}},{"type":"Feature","geometry":{"type":"Point","coordinates":[-91.315506,15.804456]},"properties":{"name":"Santa Cruz Barillas","language":"Q'anjob'al","isoCode":"kjb","glottocode":"qanj1241","family":"Mayan","group":"Mayan","country":"Guatemala","adminArea":"Huehuetenango Department"}},{"type":"Feature","geometry":{"type":"Point","coordinates":[-91.46289,15.72184]},"properties":{"name":"Yulcol","language":"Q'anjob'al","isoCode":"kjb","glottocode":"qanj1241","family":"Mayan","group":"Mayan","country":"Guatemala","adminArea":"Huehuetenango"}},{"type":"Feature","geometry":{"type":"Point","coordinates":[-122.67916667,45.515]},"properties":{"name":"Portland","language":"Not recorded","isoCode":"spa; eng","glottocode":"amer1254: west2920","family":"Unclassified","group":"Unclassified","country":"United States","adminArea":"Multnomah County"}},{"type":"Feature","geometry":{"type":"Point","coordinates":[-98.05027778,17.24388889]},"properties":{"name":"San Miguel Cuevas","language":"Juxtlahuaca Mixtec","isoCode":"vmc","glottocode":"juxt1235","family":"Otomanguean","group":"Mixtec","country":"Mexico","adminArea":"Santiago Juxtlahuaca Municipality"}},{"type":"Feature","geometry":{"type":"Point","coordinates":[-98.01694,17.30306]},"properties":{"name":"Santa Rosa Caxtlahuaca","language":"Juxtlahuaca Mixtec","isoCode":"vmc","glottocode":"juxt1235","family":"Otomanguean","group":"Mixtec","country":"Mexico","adminArea":"Santiago Juxtlahuaca Municipality"}},{"type":"Feature","geometry":{"type":"Point","coordinates":[-98.06194444,17.28888889]},"properties":{"name":"Santa Catarina Noltepec, Oaxaca, Mexico","language":"Juxtlahuaca Mixtec","isoCode":"vmc","glottocode":"juxt1235","family":"Otomanguean","group":"Mixtec","country":"Mexico","adminArea":"Santiago Juxtlahuaca Municipality"}},{"type":"Feature","geometry":{"type":"Point","coordinates":[-97.57055555,17.0325]},"properties":{"name":"Chalcatongo de Hidalgo","language":"Santa María Yosoyúa Mixtec","isoCode":"mig","glottocode":"0","family":"Otomanguean","group":"Mixtec","country":"Mexico","adminArea":"Chalcatongo de Hidalgo Municipality"}},{"type":"Feature","geometry":{"type":"Point","coordinates":[-97.54112444,17.10463944]},"properties":{"name":"San Pedro Molinos","language":"Santa María Yosoyúa Mixtec","isoCode":"mig","glottocode":"0","family":"Otomanguean","group":"Mixtec","country":"Mexico","adminArea":"San Pedro Molinos Municipality"}},{"type":"Feature","geometry":{"type":"Point","coordinates":[-97.53194444,17.15]},"properties":{"name":"San Mateo Peñasco","language":"Santa María Yosoyúa Mixtec","isoCode":"mig","glottocode":"0","family":"Otomanguean","group":"Mixtec","country":"Mexico","adminArea":"San Mateo Peñasco Municipality"}},{"type":"Feature","geometry":{"type":"Point","coordinates":[-97.61944444,17.04583333]},"properties":{"name":"San Miguel el Grande","language":"Santa María Yosoyúa Mixtec","isoCode":"mig","glottocode":"0","family":"Otomanguean","group":"Mixtec","country":"Mexico","adminArea":"San Miguel el Grande Municipality"}},{"type":"Feature","geometry":{"type":"Point","coordinates":[-97.83972222,17.15666667]},"properties":{"name":"San Andrés Chicahuaxtla","language":"Chicahuaxtla Triqui","isoCode":"trs","glottocode":"chic1273","family":"Otomanguean","group":"Triqui","country":"Mexico","adminArea":"Putla Villa de Guerrero Municipality"}},{"type":"Feature","geometry":{"type":"Point","coordinates":[-97.88083,17.22806]},"properties":{"name":"San Martín Itunyoso","language":"Chicahuaxtla Triqui","isoCode":"trs","glottocode":"chic1273","family":"Otomanguean","group":"Triqui","country":"Mexico","adminArea":"San Martín Itunyoso Municipality"}},{"type":"Feature","geometry":{"type":"Point","coordinates":[-91.48333333,14.78333333]},"properties":{"name":"Zunil","language":"K'iche'","isoCode":"quc","glottocode":"kich1262","family":"Mayan","group":"Mayan","country":"Guatemala","adminArea":"Zunil"}},{"type":"Feature","geometry":{"type":"Point","coordinates":[-91.45551111,14.81122222]},"properties":{"name":"Cantel","language":"K'iche'","isoCode":"quc","glottocode":"kich1262","family":"Mayan","group":"Mayan","country":"Guatemala","adminArea":"Quetzaltenango Department"}},{"type":"Feature","geometry":{"type":"Point","coordinates":[-91.5,14.81666667]},"properties":{"name":"Almolonga","language":"K'iche'","isoCode":"quc","glottocode":"kich1262","family":"Mayan","group":"Mayan","country":"Guatemala","adminArea":"Almolonga"}},{"type":"Feature","geometry":{"type":"Point","coordinates":[-98.01694,17.30306]},"properties":{"name":"Santa Rosa Caxtlahuaca","language":"Juxtlahuaca Mixtec","isoCode":"vmc","glottocode":"juxt1235","family":"Otomanguean","group":"Mixtec","country":"Mexico","adminArea":"Santiago Juxtlahuaca Municipality"}},{"type":"Feature","geometry":{"type":"Point","coordinates":[-98.05027778,17.24388889]},"properties":{"name":"San Miguel Cuevas","language":"Juxtlahuaca Mixtec","isoCode":"vmc","glottocode":"juxt1235","family":"Otomanguean","group":"Mixtec","country":"Mexico","adminArea":"Santiago Juxtlahuaca Municipality"}},{"type":"Feature","geometry":{"type":"Point","coordinates":[-98.06194444,17.28888889]},"properties":{"name":"Santa Catarina Noltepec, Oaxaca, Mexico","language":"Juxtlahuaca Mixtec","isoCode":"vmc","glottocode":"juxt1235","family":"Otomanguean","group":"Mixtec","country":"Mexico","adminArea":"Santiago Juxtlahuaca Municipality"}},{"type":"Feature","geometry":{"type":"Point","coordinates":[-91.53333333,15.71666667]},"properties":{"name":"San Rafael La Independencia","language":"Akateko","isoCode":"knj","glottocode":"west2635","family":"Mayan","group":"Mayan","country":"Guatemala","adminArea":"Huehuetenango Department"}},{"type":"Feature","geometry":{"type":"Point","coordinates":[-91.61666667,15.7]},"properties":{"name":"San Miguel Acatán","language":"Akateko","isoCode":"knj","glottocode":"west2635","family":"Mayan","group":"Mayan","country":"Guatemala","adminArea":"Huehuetenango Department"}},{"type":"Feature","geometry":{"type":"Point","coordinates":[-91.54732,15.688]},"properties":{"name":"Los Molinos","language":"Akateko","isoCode":"knj","glottocode":"west2635","family":"Mayan","group":"Mayan","country":"Guatemala","adminArea":"Huehuetenango"}},{"type":"Feature","geometry":{"type":"Point","coordinates":[-91.733333,15.666667]},"properties":{"name":"Jacaltenango","language":"Popti'","isoCode":"jac","glottocode":"popt1235","family":"Mayan","group":"Mayan","country":"Guatemala","adminArea":"Huehuetenango Department"}},{"type":"Feature","geometry":{"type":"Point","coordinates":[-91.6833,15.6167]},"properties":{"name":"Concepción Huista","language":"Popti'","isoCode":"jac","glottocode":"popt1235","family":"Mayan","group":"Mayan","country":"Guatemala","adminArea":"Huehuetenango Department"}},{"type":"Feature","geometry":{"type":"Point","coordinates":[-98.06194444,17.28888889]},"properties":{"name":"Ensenada, Oaxaca, Mexico","language":"Juxtlahuaca Mixtec","isoCode":"vmc","glottocode":"juxt1235","family":"Otomanguean","group":"Mixtec","country":"Mexico","adminArea":"Santiago Juxtlahuaca Municipality"}},{"type":"Feature","geometry":{"type":"Point","coordinates":[-96.70528,16.92111]},"properties":{"name":"Ninguno","language":"Not recorded","isoCode":"mks; spa; eng","glottocode":"sila1250; mexi1248; nort3317","family":"Unclassified","group":"Unclassified","country":"Mexico","adminArea":"Villa de Zaachila Municipality"}},{"type":"Feature","geometry":{"type":"Point","coordinates":[-98.04472222,17.50555556]},"properties":{"name":"Ixpantepec Nieves","language":"Not recorded","isoCode":"mks; spa; eng","glottocode":"sila1250; mexi1248; nort3317","family":"Unclassified","group":"Unclassified","country":"Mexico","adminArea":"Ixpantepec Nieves Municipality"}},{"type":"Feature","geometry":{"type":"Point","coordinates":[-96.70583,16.80722]},"properties":{"name":"San Sebastián Ocotlán","language":"Ocotlán Zapotec","isoCode":"zac","glottocode":"ocot1244","family":"Otomanguean","group":"Zapotec","country":"Mexico","adminArea":"Santiago Apóstol Municipality"}},{"type":"Feature","geometry":{"type":"Point","coordinates":[-96.72241389,16.80426305]},"properties":{"name":"Santiago Apóstol","language":"Ocotlán Zapotec","isoCode":"zac","glottocode":"ocot1244","family":"Otomanguean","group":"Zapotec","country":"Mexico","adminArea":"Santiago Apóstol Municipality"}},{"type":"Feature","geometry":{"type":"Point","coordinates":[-80.21666667,25.78333333]},"properties":{"name":"Miami","language":"Not recorded","isoCode":"spa","glottocode":"amer1254","family":"Unclassified","group":"Unclassified","country":"United States","adminArea":"Miami-Dade County"}},{"type":"Feature","geometry":{"type":"Point","coordinates":[-96.7588,16.806]},"properties":{"name":"Santa Inés Yatzeche Municipality","language":"Ocotlán Zapotec","isoCode":"zac","glottocode":"ocot1244","family":"Otomanguean","group":"Zapotec","country":"Mexico","adminArea":"Oaxaca"}},{"type":"Feature","geometry":{"type":"Point","coordinates":[-96.72138889,16.76194444]},"properties":{"name":"Asunción Ocotlán","language":"Ocotlán Zapotec","isoCode":"zac","glottocode":"ocot1244","family":"Otomanguean","group":"Zapotec","country":"Mexico","adminArea":"Asunción Ocotlán Municipality"}},{"type":"Feature","geometry":{"type":"Point","coordinates":[-96.675,16.79222222]},"properties":{"name":"Ocotlán de Morelos","language":"Ocotlán Zapotec","isoCode":"zac","glottocode":"ocot1244","family":"Otomanguean","group":"Zapotec","country":"Mexico","adminArea":"Ocotlán de Morelos Municipality"}},{"type":"Feature","geometry":{"type":"Point","coordinates":[-96.66888889,16.53916667]},"properties":{"name":"Coatecas Altas","language":"Coatecas Altas Zapotec","isoCode":"zca","glottocode":"coat1244","family":"Otomanguean","group":"Zapotec","country":"Mexico","adminArea":"Coatecas Altas Municipality"}},{"type":"Feature","geometry":{"type":"Point","coordinates":[-91.63333333,15.43333333]},"properties":{"name":"San Juan Atitán","language":"Not recorded","isoCode":"mam: mvj","glottocode":"mamm1241: mamt1235","family":"Unclassified","group":"Unclassified","country":"Guatemala","adminArea":"Huehuetenango Department"}},{"type":"Feature","geometry":{"type":"Point","coordinates":[-91.56666667,15.73333333]},"properties":{"name":"San Sebastián Coatán","language":"Not recorded","isoCode":"mam: mvj","glottocode":"mamm1241: mamt1235","family":"Unclassified","group":"Unclassified","country":"Guatemala","adminArea":"Huehuetenango Department"}},{"type":"Feature","geometry":{"type":"Point","coordinates":[-91.45,15.6]},"properties":{"name":"San Juan Ixcoy","language":"Not recorded","isoCode":"mam: mvj","glottocode":"mamm1241: mamt1235","family":"Unclassified","group":"Unclassified","country":"Guatemala","adminArea":"Huehuetenango Department"}},{"type":"Feature","geometry":{"type":"Point","coordinates":[-96.47388889,16.03166667]},"properties":{"name":"San Pedro el Alto","language":"Loxicha Zapotec","isoCode":"ztp","glottocode":"loxi1235","family":"Otomanguean","group":"Zapotec","country":"Mexico","adminArea":"Oaxaca"}},{"type":"Feature","geometry":{"type":"Point","coordinates":[-92.34333333,16.78611111]},"properties":{"name":"Oxchuc","language":"Tzeltal","isoCode":"tzh","glottocode":"tzel1254","family":"Mayan","group":"Mayan","country":"Mexico","adminArea":"Oxchuc Municipality"}},{"type":"Feature","geometry":{"type":"Point","coordinates":[-92.21666667,16.6]},"properties":{"name":"Chanal Municipality","language":"Tzeltal","isoCode":"tzh","glottocode":"tzel1254","family":"Mayan","group":"Mayan","country":"Mexico","adminArea":"Chiapas"}},{"type":"Feature","geometry":{"type":"Point","coordinates":[-91.6833,15.6167]},"properties":{"name":"Concepción Huista","language":"Not recorded","isoCode":"mam: mvj","glottocode":"mamm1241: mamt1235","family":"Unclassified","group":"Unclassified","country":"Guatemala","adminArea":"Huehuetenango Department"}},{"type":"Feature","geometry":{"type":"Point","coordinates":[-91.60809,15.51747]},"properties":{"name":"Tierra Común","language":"Not recorded","isoCode":"mam: mvj","glottocode":"mamm1241: mamt1235","family":"Unclassified","group":"Unclassified","country":"Guatemala","adminArea":"Huehuetenango"}},{"type":"Feature","geometry":{"type":"Point","coordinates":[-91.63333333,15.43333333]},"properties":{"name":"San Juan Atitán","language":"Not recorded","isoCode":"mam: mvj","glottocode":"mamm1241: mamt1235","family":"Unclassified","group":"Unclassified","country":"Guatemala","adminArea":"Huehuetenango Department"}},{"type":"Feature","geometry":{"type":"Point","coordinates":[-96.46555555,15.99638889]},"properties":{"name":"Llano Flor","language":"Loxicha Zapotec","isoCode":"ztp","glottocode":"loxi1235","family":"Otomanguean","group":"Zapotec","country":"Mexico","adminArea":"San Pedro El Alto Municipality"}},{"type":"Feature","geometry":{"type":"Point","coordinates":[-96.47806,15.97139]},"properties":{"name":"Santiago la Galera","language":"Loxicha Zapotec","isoCode":"ztp","glottocode":"loxi1235","family":"Otomanguean","group":"Zapotec","country":"Mexico","adminArea":"Candelaria Loxicha Municipality"}},{"type":"Feature","geometry":{"type":"Point","coordinates":[-96.44083,15.97722]},"properties":{"name":"Lagunilla","language":"Loxicha Zapotec","isoCode":"ztp","glottocode":"loxi1235","family":"Otomanguean","group":"Zapotec","country":"Mexico","adminArea":"San Pedro El Alto Municipality"}},{"type":"Feature","geometry":{"type":"Point","coordinates":[-96.45889,15.98167]},"properties":{"name":"Los Naranjos Esquipulas, Oaxaca, Mexico","language":"Loxicha Zapotec","isoCode":"ztp","glottocode":"loxi1235","family":"Otomanguean","group":"Zapotec","country":"Mexico","adminArea":"San Pedro Pochutla"}},{"type":"Feature","geometry":{"type":"Point","coordinates":[-97.82972222,17.30472222]},"properties":{"name":"San Juan Mixtepec Distrito 08","language":"Mixtepec Mixtec","isoCode":"mix","glottocode":"mixt1425","family":"Otomanguean","group":"Mixtec","country":"Mexico","adminArea":"San Juan Mixtepec Distrito 08 Municipality"}},{"type":"Feature","geometry":{"type":"Point","coordinates":[-89.41833333,20.30277778]},"properties":{"name":"Oxkutzcab","language":"Yucatec Maya","isoCode":"yua","glottocode":"yuca1254","family":"Mayan","group":"Mayan","country":"Mexico","adminArea":"Oxkutzcab"}},{"type":"Feature","geometry":{"type":"Point","coordinates":[-91.6051,15.5116]},"properties":{"name":"Todos Santos Cuchumatán","language":"Not recorded","isoCode":"mam: mvj","glottocode":"mamm1241: mamt1235","family":"Unclassified","group":"Unclassified","country":"Guatemala","adminArea":"Huehuetenango Department"}},{"type":"Feature","geometry":{"type":"Point","coordinates":[-91.64071,15.55159]},"properties":{"name":"Chicoy","language":"Not recorded","isoCode":"mam: mvj","glottocode":"mamm1241: mamt1235","family":"Unclassified","group":"Unclassified","country":"Guatemala","adminArea":"Huehuetenango"}},{"type":"Feature","geometry":{"type":"Point","coordinates":[-91.6051,15.5116]},"properties":{"name":"Todos Santos Cuchumatán","language":"Not recorded","isoCode":"mam: mvj","glottocode":"mamm1241: mamt1235","family":"Unclassified","group":"Unclassified","country":"Guatemala","adminArea":"Huehuetenango Department"}},{"type":"Feature","geometry":{"type":"Point","coordinates":[-91.6051,15.5116]},"properties":{"name":"Todos Santos Cuchumatán","language":"Not recorded","isoCode":"mam: mvj","glottocode":"mamm1241: mamt1235","family":"Unclassified","group":"Unclassified","country":"Guatemala","adminArea":"Huehuetenango Department"}},{"type":"Feature","geometry":{"type":"Point","coordinates":[-91.52276,15.42659]},"properties":{"name":"Chóchal","language":"Not recorded","isoCode":"mam: mvj","glottocode":"mamm1241: mamt1235","family":"Unclassified","group":"Unclassified","country":"Guatemala","adminArea":"Huehuetenango"}},{"type":"Feature","geometry":{"type":"Point","coordinates":[-91.6833,15.6167]},"properties":{"name":"Concepción Huista","language":"Popti'","isoCode":"jac","glottocode":"popt1235","family":"Mayan","group":"Mayan","country":"Guatemala","adminArea":"Huehuetenango Department"}},{"type":"Feature","geometry":{"type":"Point","coordinates":[-91.6833,15.6167]},"properties":{"name":"Concepción Huista","language":"Popti'","isoCode":"jac","glottocode":"popt1235","family":"Mayan","group":"Mayan","country":"Guatemala","adminArea":"Huehuetenango Department"}},{"type":"Feature","geometry":{"type":"Point","coordinates":[-91.6051,15.5116]},"properties":{"name":"Todos Santos Cuchumatán","language":"Popti'","isoCode":"jac","glottocode":"popt1235","family":"Mayan","group":"Mayan","country":"Guatemala","adminArea":"Huehuetenango Department"}},{"type":"Feature","geometry":{"type":"Point","coordinates":[-91.47583333,15.31416667]},"properties":{"name":"Huehuetenango Department","language":"Popti'","isoCode":"jac","glottocode":"popt1235","family":"Mayan","group":"Mayan","country":"Guatemala","adminArea":"Guatemala"}},{"type":"Feature","geometry":{"type":"Point","coordinates":[-91.71177,15.66662]},"properties":{"name":"Jacaltenango","language":"Popti'","isoCode":"jac","glottocode":"popt1235","family":"Mayan","group":"Mayan","country":"Guatemala","adminArea":"Jacaltenango"}},{"type":"Feature","geometry":{"type":"Point","coordinates":[-91.70471,15.67869]},"properties":{"name":"San Marcos Huista","language":"Popti'","isoCode":"jac","glottocode":"popt1235","family":"Mayan","group":"Mayan","country":"Guatemala","adminArea":"Huehuetenango"}},{"type":"Feature","geometry":{"type":"Point","coordinates":[-91.6051,15.5116]},"properties":{"name":"Todos Santos Cuchumatán","language":"Not recorded","isoCode":"mam: mvj","glottocode":"mamm1241: mamt1235","family":"Unclassified","group":"Unclassified","country":"Guatemala","adminArea":"Huehuetenango Department"}},{"type":"Feature","geometry":{"type":"Point","coordinates":[-96.93,18.64]},"properties":{"name":"Zongolica Municipality","language":"Orizaba Nahuatl","isoCode":"nlv","glottocode":"oriz1235","family":"Uto-Aztecan","group":"Nahuan","country":"Mexico","adminArea":"Veracruz"}},{"type":"Feature","geometry":{"type":"Point","coordinates":[-91.92426,15.12918]},"properties":{"name":"Tuiquinamble","language":"Not recorded","isoCode":"mam: mms","glottocode":"mamm1241: mams1234","family":"Unclassified","group":"Unclassified","country":"Guatemala","adminArea":"San Marcos"}},{"type":"Feature","geometry":{"type":"Point","coordinates":[-97.95888889,17.19638889]},"properties":{"name":"La Sabana","language":"Copala Triqui","isoCode":"trc","glottocode":"copa1237","family":"Otomanguean","group":"Triqui","country":"Mexico","adminArea":"Santiago Juxtlahuaca Municipality"}},{"type":"Feature","geometry":{"type":"Point","coordinates":[-97.89286111,17.15419444]},"properties":{"name":"Concepción Carrizal","language":"Copala Triqui","isoCode":"trc","glottocode":"copa1237","family":"Otomanguean","group":"Triqui","country":"Mexico","adminArea":"Santiago Juxtlahuaca Municipality"}},{"type":"Feature","geometry":{"type":"Point","coordinates":[-97.98028,17.21667]},"properties":{"name":"Agua Fría Copala","language":"Copala Triqui","isoCode":"trc","glottocode":"copa1237","family":"Otomanguean","group":"Triqui","country":"Mexico","adminArea":"Santiago Juxtlahuaca Municipality"}},{"type":"Feature","geometry":{"type":"Point","coordinates":[-98.01056,17.26806]},"properties":{"name":"Santiago Naranjas","language":"Copala Triqui","isoCode":"trc","glottocode":"copa1237","family":"Otomanguean","group":"Triqui","country":"Mexico","adminArea":"Santiago Juxtlahuaca Municipality"}},{"type":"Feature","geometry":{"type":"Point","coordinates":[-97.98278,17.19889]},"properties":{"name":"La Cumbre Yerba Santa","language":"Copala Triqui","isoCode":"trc","glottocode":"copa1237","family":"Otomanguean","group":"Triqui","country":"Mexico","adminArea":"Santiago Juxtlahuaca Municipality"}},{"type":"Feature","geometry":{"type":"Point","coordinates":[-97.95888889,17.19638889]},"properties":{"name":"La Sabana","language":"Copala Triqui","isoCode":"trc","glottocode":"copa1237","family":"Otomanguean","group":"Triqui","country":"Mexico","adminArea":"Santiago Juxtlahuaca Municipality"}},{"type":"Feature","geometry":{"type":"Point","coordinates":[-97.89286111,17.15419444]},"properties":{"name":"Concepción Carrizal","language":"Copala Triqui","isoCode":"trc","glottocode":"copa1237","family":"Otomanguean","group":"Triqui","country":"Mexico","adminArea":"Santiago Juxtlahuaca Municipality"}},{"type":"Feature","geometry":{"type":"Point","coordinates":[-95.36889,18.37472]},"properties":{"name":"Ojo de Agua","language":"Copala Triqui","isoCode":"trc","glottocode":"copa1237","family":"Otomanguean","group":"Triqui","country":"Mexico","adminArea":"Santiago Tuxtla"}},{"type":"Feature","geometry":{"type":"Point","coordinates":[-97.98028,17.21667]},"properties":{"name":"Agua Fría Copala","language":"Copala Triqui","isoCode":"trc","glottocode":"copa1237","family":"Otomanguean","group":"Triqui","country":"Mexico","adminArea":"Santiago Juxtlahuaca Municipality"}},{"type":"Feature","geometry":{"type":"Point","coordinates":[-97.98278,17.19889]},"properties":{"name":"La Cumbre Yerba Santa","language":"Copala Triqui","isoCode":"trc","glottocode":"copa1237","family":"Otomanguean","group":"Triqui","country":"Mexico","adminArea":"Santiago Juxtlahuaca Municipality"}},{"type":"Feature","geometry":{"type":"Point","coordinates":[-91.51666667,14.83333333]},"properties":{"name":"Quetzaltenango","language":"K'iche'","isoCode":"quc","glottocode":"kich1262","family":"Mayan","group":"Mayan","country":"Guatemala","adminArea":"Quetzaltenango Department"}},{"type":"Feature","geometry":{"type":"Point","coordinates":[-91.48333333,14.78333333]},"properties":{"name":"Zunil","language":"K'iche'","isoCode":"quc","glottocode":"kich1262","family":"Mayan","group":"Mayan","country":"Guatemala","adminArea":"Zunil"}},{"type":"Feature","geometry":{"type":"Point","coordinates":[-91.5,14.81666667]},"properties":{"name":"Almolonga","language":"K'iche'","isoCode":"quc","glottocode":"kich1262","family":"Mayan","group":"Mayan","country":"Guatemala","adminArea":"Almolonga"}},{"type":"Feature","geometry":{"type":"Point","coordinates":[-91.22992222,14.63855278]},"properties":{"name":"Santiago Atitlán","language":"Tz'utujil","isoCode":"tzj","glottocode":"tzut1248","family":"Mayan","group":"Mayan","country":"Guatemala","adminArea":"Sololá Department"}},{"type":"Feature","geometry":{"type":"Point","coordinates":[-91.28666,14.69453]},"properties":{"name":"San Juan La Laguna","language":"Tz'utujil","isoCode":"tzj","glottocode":"tzut1248","family":"Mayan","group":"Mayan","country":"Guatemala","adminArea":""}},{"type":"Feature","geometry":{"type":"Point","coordinates":[-91.27201,14.69297]},"properties":{"name":"San Pedro La Laguna","language":"Tz'utujil","isoCode":"tzj","glottocode":"tzut1248","family":"Mayan","group":"Mayan","country":"Guatemala","adminArea":"San Pedro La Laguna"}},{"type":"Feature","geometry":{"type":"Point","coordinates":[-91.273,14.69177222]},"properties":{"name":"San Pedro La Laguna","language":"Tz'utujil","isoCode":"tzj","glottocode":"tzut1248","family":"Mayan","group":"Mayan","country":"Guatemala","adminArea":"Sololá Department"}},{"type":"Feature","geometry":{"type":"Point","coordinates":[-91.48333333,14.78333333]},"properties":{"name":"Zunil","language":"K'iche'","isoCode":"quc","glottocode":"kich1262","family":"Mayan","group":"Mayan","country":"Guatemala","adminArea":"Zunil"}},{"type":"Feature","geometry":{"type":"Point","coordinates":[-91.51666667,14.83333333]},"properties":{"name":"Quetzaltenango","language":"K'iche'","isoCode":"quc","glottocode":"kich1262","family":"Mayan","group":"Mayan","country":"Guatemala","adminArea":"Quetzaltenango Department"}},{"type":"Feature","geometry":{"type":"Point","coordinates":[-91.5,14.81666667]},"properties":{"name":"Almolonga","language":"K'iche'","isoCode":"quc","glottocode":"kich1262","family":"Mayan","group":"Mayan","country":"Guatemala","adminArea":"Almolonga"}},{"type":"Feature","geometry":{"type":"Point","coordinates":[-91.9471876,15.4078474]},"properties":{"name":"Cuilco","language":"Not recorded","isoCode":"mam: mms","glottocode":"mamm1241: mams1234","family":"Unclassified","group":"Unclassified","country":"Guatemala","adminArea":"Huehuetenango Department"}},{"type":"Feature","geometry":{"type":"Point","coordinates":[-91.47611111,15.31472222]},"properties":{"name":"Huehuetenango","language":"Not recorded","isoCode":"mam: mms","glottocode":"mamm1241: mams1234","family":"Unclassified","group":"Unclassified","country":"Guatemala","adminArea":"Huehuetenango Department"}},{"type":"Feature","geometry":{"type":"Point","coordinates":[-91.8333,15.5]},"properties":{"name":"La Libertad","language":"Not recorded","isoCode":"mam: mms","glottocode":"mamm1241: mams1234","family":"Unclassified","group":"Unclassified","country":"Guatemala","adminArea":"Huehuetenango Department"}},{"type":"Feature","geometry":{"type":"Point","coordinates":[-91.8667,15.6333]},"properties":{"name":"La Democracia","language":"Not recorded","isoCode":"mam: mms","glottocode":"mamm1241: mams1234","family":"Unclassified","group":"Unclassified","country":"Guatemala","adminArea":"Huehuetenango Department"}},{"type":"Feature","geometry":{"type":"Point","coordinates":[-91.27216,15.7263]},"properties":{"name":"Peña Flor","language":"Not recorded","isoCode":"mam: mms","glottocode":"mamm1241: mams1234","family":"Unclassified","group":"Unclassified","country":"Guatemala","adminArea":"Huehuetenango"}},{"type":"Feature","geometry":{"type":"Point","coordinates":[-96.70583,16.80722]},"properties":{"name":"San Sebastián Ocotlán","language":"Ocotlán Zapotec","isoCode":"zac","glottocode":"ocot1244","family":"Otomanguean","group":"Zapotec","country":"Mexico","adminArea":"Santiago Apóstol Municipality"}},{"type":"Feature","geometry":{"type":"Point","coordinates":[-96.72138889,16.76194444]},"properties":{"name":"Asunción Ocotlán","language":"Ocotlán Zapotec","isoCode":"zac","glottocode":"ocot1244","family":"Otomanguean","group":"Zapotec","country":"Mexico","adminArea":"Asunción Ocotlán Municipality"}},{"type":"Feature","geometry":{"type":"Point","coordinates":[-96.72241389,16.80426305]},"properties":{"name":"Santiago Apóstol","language":"Ocotlán Zapotec","isoCode":"zac","glottocode":"ocot1244","family":"Otomanguean","group":"Zapotec","country":"Mexico","adminArea":"Santiago Apóstol Municipality"}},{"type":"Feature","geometry":{"type":"Point","coordinates":[-91.48333333,14.78333333]},"properties":{"name":"Zunil","language":"K'iche'","isoCode":"quc","glottocode":"kich1262","family":"Mayan","group":"Mayan","country":"Guatemala","adminArea":"Zunil"}},{"type":"Feature","geometry":{"type":"Point","coordinates":[-91.5,14.81666667]},"properties":{"name":"Almolonga","language":"K'iche'","isoCode":"quc","glottocode":"kich1262","family":"Mayan","group":"Mayan","country":"Guatemala","adminArea":"Almolonga"}},{"type":"Feature","geometry":{"type":"Point","coordinates":[-91.48333333,14.78333333]},"properties":{"name":"Zunil","language":"K'iche'","isoCode":"quc","glottocode":"kich1262","family":"Mayan","group":"Mayan","country":"Guatemala","adminArea":"Zunil"}},{"type":"Feature","geometry":{"type":"Point","coordinates":[-91.5,14.81666667]},"properties":{"name":"Almolonga","language":"K'iche'","isoCode":"quc","glottocode":"kich1262","family":"Mayan","group":"Mayan","country":"Guatemala","adminArea":"Almolonga"}},{"type":"Feature","geometry":{"type":"Point","coordinates":[-91.48333333,14.78333333]},"properties":{"name":"Zunil","language":"K'iche'","isoCode":"quc","glottocode":"kich1262","family":"Mayan","group":"Mayan","country":"Guatemala","adminArea":"Zunil"}},{"type":"Feature","geometry":{"type":"Point","coordinates":[-91.45,14.88333333]},"properties":{"name":"Salcajá","language":"K'iche'","isoCode":"quc","glottocode":"kich1262","family":"Mayan","group":"Mayan","country":"Guatemala","adminArea":"Quetzaltenango Department"}},{"type":"Feature","geometry":{"type":"Point","coordinates":[-91.5,14.81666667]},"properties":{"name":"Almolonga","language":"K'iche'","isoCode":"quc","glottocode":"kich1262","family":"Mayan","group":"Mayan","country":"Guatemala","adminArea":"Almolonga"}},{"type":"Feature","geometry":{"type":"Point","coordinates":[-98.10194444,17.30388889]},"properties":{"name":"San Martín Duraznos, Oaxaca, Mexico","language":"Western Juxtlahuaca Mixtec","isoCode":"jmx","glottocode":"west2643","family":"Otomanguean","group":"Mixtec","country":"Mexico","adminArea":"San Sebastián Tecomaxtlahuaca Municipality"}},{"type":"Feature","geometry":{"type":"Point","coordinates":[-96.46664,15.74757]},"properties":{"name":"San Pedro Pochutla","language":"Loxicha Zapotec","isoCode":"ztp","glottocode":"loxi1235","family":"Otomanguean","group":"Zapotec","country":"Mexico","adminArea":"San Pedro Pochutla Municipality"}},{"type":"Feature","geometry":{"type":"Point","coordinates":[-92.09611111,16.90722222]},"properties":{"name":"Ocosingo","language":"Tzeltal","isoCode":"tzh","glottocode":"tzel1254","family":"Mayan","group":"Mayan","country":"Mexico","adminArea":"Ocosingo Municipality"}},{"type":"Feature","geometry":{"type":"Point","coordinates":[-91.6051,15.5116]},"properties":{"name":"Todos Santos Cuchumatán","language":"Not recorded","isoCode":"mam: mvj","glottocode":"mamm1241: mamt1235","family":"Unclassified","group":"Unclassified","country":"Guatemala","adminArea":"Huehuetenango Department"}},{"type":"Feature","geometry":{"type":"Point","coordinates":[-91.58333333,15.38333333]},"properties":{"name":"San Sebastián Huehuetenango","language":"Not recorded","isoCode":"mam: mvj","glottocode":"mamm1241: mamt1235","family":"Unclassified","group":"Unclassified","country":"Guatemala","adminArea":"Huehuetenango Department"}},{"type":"Feature","geometry":{"type":"Point","coordinates":[-91.54255,15.46463]},"properties":{"name":"La Ventosa","language":"Not recorded","isoCode":"mam: mvj","glottocode":"mamm1241: mamt1235","family":"Unclassified","group":"Unclassified","country":"Guatemala","adminArea":"Huehuetenango"}},{"type":"Feature","geometry":{"type":"Point","coordinates":[-98.05027778,17.24388889]},"properties":{"name":"San Miguel Cuevas","language":"Juxtlahuaca Mixtec","isoCode":"vmc","glottocode":"juxt1235","family":"Otomanguean","group":"Mixtec","country":"Mexico","adminArea":"Santiago Juxtlahuaca Municipality"}},{"type":"Feature","geometry":{"type":"Point","coordinates":[-98.01222,17.28139]},"properties":{"name":"Unión de Cárdenas","language":"Juxtlahuaca Mixtec","isoCode":"vmc","glottocode":"juxt1235","family":"Otomanguean","group":"Mixtec","country":"Mexico","adminArea":"Santiago Juxtlahuaca Municipality"}},{"type":"Feature","geometry":{"type":"Point","coordinates":[-98.24861111,17.31361111]},"properties":{"name":"Barrio Guadalupe San Miguel","language":"Juxtlahuaca Mixtec","isoCode":"vmc","glottocode":"juxt1235","family":"Otomanguean","group":"Mixtec","country":"Mexico","adminArea":"San Martín Peras Municipality"}},{"type":"Feature","geometry":{"type":"Point","coordinates":[-98.01061,17.33503]},"properties":{"name":"Santiago Juxtlahuaca","language":"Juxtlahuaca Mixtec","isoCode":"vmc","glottocode":"juxt1235","family":"Otomanguean","group":"Mixtec","country":"Mexico","adminArea":"Santiago Juxtlahuaca Municipality"}},{"type":"Feature","geometry":{"type":"Point","coordinates":[-97.82972222,17.30472222]},"properties":{"name":"San Juan Mixtepec Distrito 08","language":"Juxtlahuaca Mixtec","isoCode":"vmc","glottocode":"juxt1235","family":"Otomanguean","group":"Mixtec","country":"Mexico","adminArea":"San Juan Mixtepec Distrito 08 Municipality"}},{"type":"Feature","geometry":{"type":"Point","coordinates":[-98.01061,17.33503]},"properties":{"name":"Santiago Juxtlahuaca","language":"Juxtlahuaca Mixtec","isoCode":"vmc","glottocode":"juxt1235","family":"Otomanguean","group":"Mixtec","country":"Mexico","adminArea":"Santiago Juxtlahuaca Municipality"}},{"type":"Feature","geometry":{"type":"Point","coordinates":[-97.82972222,17.30472222]},"properties":{"name":"San Juan Mixtepec Distrito 08","language":"Mixtepec Mixtec","isoCode":"mix","glottocode":"mixt1425","family":"Otomanguean","group":"Mixtec","country":"Mexico","adminArea":"San Juan Mixtepec Distrito 08 Municipality"}},{"type":"Feature","geometry":{"type":"Point","coordinates":[-97.90722,17.34278]},"properties":{"name":"Tinuma de Zaragoza, Oaxaca, Mexico","language":"Mixtepec Mixtec","isoCode":"mix","glottocode":"mixt1425","family":"Otomanguean","group":"Mixtec","country":"Mexico","adminArea":"Santiago Juxtlahuaca Municipality"}},{"type":"Feature","geometry":{"type":"Point","coordinates":[-97.9375,17.5325]},"properties":{"name":"San Isidro Zaragoza","language":"Juxtlahuaca Mixtec","isoCode":"vmc","glottocode":"juxt1235","family":"Otomanguean","group":"Mixtec","country":"Mexico","adminArea":"Tezoatlán de Segura y Luna Municipality"}},{"type":"Feature","geometry":{"type":"Point","coordinates":[-97.9425,17.55722222]},"properties":{"name":"San Marcos de Garzón","language":"Juxtlahuaca Mixtec","isoCode":"vmc","glottocode":"juxt1235","family":"Otomanguean","group":"Mixtec","country":"Mexico","adminArea":"Tezoatlán de Segura y Luna Municipality"}},{"type":"Feature","geometry":{"type":"Point","coordinates":[-97.88222222,17.58361111]},"properties":{"name":"Yucuquimi de Ocampo","language":"Juxtlahuaca Mixtec","isoCode":"vmc","glottocode":"juxt1235","family":"Otomanguean","group":"Mixtec","country":"Mexico","adminArea":"Tezoatlán de Segura y Luna Municipality"}},{"type":"Feature","geometry":{"type":"Point","coordinates":[-97.84194444,17.57722222]},"properties":{"name":"San Juan Diquiyú","language":"Juxtlahuaca Mixtec","isoCode":"vmc","glottocode":"juxt1235","family":"Otomanguean","group":"Mixtec","country":"Mexico","adminArea":"Tezoatlán de Segura y Luna Municipality"}},{"type":"Feature","geometry":{"type":"Point","coordinates":[-97.93694,17.48917]},"properties":{"name":"Santa María Tindú, Oaxaca, Mexico","language":"Juxtlahuaca Mixtec","isoCode":"vmc","glottocode":"juxt1235","family":"Otomanguean","group":"Mixtec","country":"Mexico","adminArea":"Tezoatlán de Segura y Luna Municipality"}},{"type":"Feature","geometry":{"type":"Point","coordinates":[-96.46833333,16.01777778]},"properties":{"name":"El Potrero Jazmín","language":"Loxicha Zapotec","isoCode":"ztp","glottocode":"loxi1235","family":"Otomanguean","group":"Zapotec","country":"Mexico","adminArea":"San Pedro El Alto Municipality"}},{"type":"Feature","geometry":{"type":"Point","coordinates":[-96.45889,15.98167]},"properties":{"name":"Los Naranjos Esquipulas, Oaxaca, Mexico","language":"Loxicha Zapotec","isoCode":"ztp","glottocode":"loxi1235","family":"Otomanguean","group":"Zapotec","country":"Mexico","adminArea":"San Pedro Pochutla"}},{"type":"Feature","geometry":{"type":"Point","coordinates":[-98.00277778,16.94194444]},"properties":{"name":"Santa María de la Lima","language":"Chayuco Mixtec","isoCode":"mih","glottocode":"chay1249","family":"Otomanguean","group":"Mixtec","country":"Mexico","adminArea":"Mesones Hidalgo Municipality"}},{"type":"Feature","geometry":{"type":"Point","coordinates":[-97.92704,17.02376]},"properties":{"name":"Putla Villa de Guerrero","language":"Chayuco Mixtec","isoCode":"mih","glottocode":"chay1249","family":"Otomanguean","group":"Mixtec","country":"Mexico","adminArea":"Putla Villa de Guerrero Municipality"}},{"type":"Feature","geometry":{"type":"Point","coordinates":[-98.11805555,16.96666667]},"properties":{"name":"San Miguel Tejalpan","language":"Chayuco Mixtec","isoCode":"mih","glottocode":"chay1249","family":"Otomanguean","group":"Mixtec","country":"Mexico","adminArea":"Xochistlahuaca Municipality"}},{"type":"Feature","geometry":{"type":"Point","coordinates":[-98.04666667,16.91277778]},"properties":{"name":"San José de las Flores, Oaxaca, Mexico","language":"Chayuco Mixtec","isoCode":"mih","glottocode":"chay1249","family":"Otomanguean","group":"Mixtec","country":"Mexico","adminArea":"Mesones Hidalgo Municipality"}},{"type":"Feature","geometry":{"type":"Point","coordinates":[-102.18888889,19.69388889]},"properties":{"name":"Cocucho","language":"Purepecha","isoCode":"tsz","glottocode":"pure1242","family":"Purépecha","group":"Purépecha","country":"Mexico","adminArea":"Charapan"}},{"type":"Feature","geometry":{"type":"Point","coordinates":[-98.01694,17.30306]},"properties":{"name":"Santa Rosa Caxtlahuaca","language":"Juxtlahuaca Mixtec","isoCode":"vmc","glottocode":"juxt1235","family":"Otomanguean","group":"Mixtec","country":"Mexico","adminArea":"Santiago Juxtlahuaca Municipality"}},{"type":"Feature","geometry":{"type":"Point","coordinates":[-92.09611111,16.90722222]},"properties":{"name":"Ocosingo","language":"Tzeltal","isoCode":"tzh","glottocode":"tzel1254","family":"Mayan","group":"Mayan","country":"Mexico","adminArea":"Ocosingo Municipality"}},{"type":"Feature","geometry":{"type":"Point","coordinates":[-91.98222222,17.50916667]},"properties":{"name":"Palenque","language":"Tzeltal","isoCode":"tzh","glottocode":"tzel1254","family":"Mayan","group":"Mayan","country":"Mexico","adminArea":"Palenque Municipality"}},{"type":"Feature","geometry":{"type":"Point","coordinates":[-92.63756389,16.73702222]},"properties":{"name":"San Cristóbal de Las Casas","language":"Tzeltal","isoCode":"tzh","glottocode":"tzel1254","family":"Mayan","group":"Mayan","country":"Mexico","adminArea":"San Cristóbal de Las Casas Municipality"}},{"type":"Feature","geometry":{"type":"Point","coordinates":[-96.66888889,16.53916667]},"properties":{"name":"Coatecas Altas","language":"Coatecas Altas Zapotec","isoCode":"zca","glottocode":"coat1244","family":"Otomanguean","group":"Zapotec","country":"Mexico","adminArea":"Coatecas Altas Municipality"}},{"type":"Feature","geometry":{"type":"Point","coordinates":[-98.05027778,17.24388889]},"properties":{"name":"San Miguel Cuevas","language":"Juxtlahuaca Mixtec","isoCode":"vmc","glottocode":"juxt1235","family":"Otomanguean","group":"Mixtec","country":"Mexico","adminArea":"Santiago Juxtlahuaca Municipality"}},{"type":"Feature","geometry":{"type":"Point","coordinates":[-98.06194444,17.28888889]},"properties":{"name":"Santa Catarina Noltepec","language":"Juxtlahuaca Mixtec","isoCode":"vmc","glottocode":"juxt1235","family":"Otomanguean","group":"Mixtec","country":"Mexico","adminArea":"Santiago Juxtlahuaca Municipality"}},{"type":"Feature","geometry":{"type":"Point","coordinates":[-98.01694,17.30306]},"properties":{"name":"Santa Rosa Caxtlahuaca","language":"Juxtlahuaca Mixtec","isoCode":"vmc","glottocode":"juxt1235","family":"Otomanguean","group":"Mixtec","country":"Mexico","adminArea":"Santiago Juxtlahuaca Municipality"}},{"type":"Feature","geometry":{"type":"Point","coordinates":[-98.51111111,17.02138889]},"properties":{"name":"Chilixtlahuaca","language":"Metlatónoc Mixtec","isoCode":"mxv","glottocode":"metl1238","family":"Otomanguean","group":"Mixtec","country":"Mexico","adminArea":"Metlatónoc Municipality"}},{"type":"Feature","geometry":{"type":"Point","coordinates":[-98.4625,16.93111]},"properties":{"name":"Chimalapa","language":"Metlatónoc Mixtec","isoCode":"mxv","glottocode":"metl1238","family":"Otomanguean","group":"Mixtec","country":"Mexico","adminArea":"Igualapa Municipality"}},{"type":"Feature","geometry":{"type":"Point","coordinates":[-98.49778,17.00833]},"properties":{"name":"Llano Perdido, Guerrero, Mexico","language":"Metlatónoc Mixtec","isoCode":"mxv","glottocode":"metl1238","family":"Otomanguean","group":"Mixtec","country":"Mexico","adminArea":"Cochoapa el Grande Municipality"}},{"type":"Feature","geometry":{"type":"Point","coordinates":[-98.40805556,17.19555555]},"properties":{"name":"Metlatónoc","language":"Metlatónoc Mixtec","isoCode":"mxv","glottocode":"metl1238","family":"Otomanguean","group":"Mixtec","country":"Mexico","adminArea":"Metlatónoc Municipality"}},{"type":"Feature","geometry":{"type":"Point","coordinates":[-91.27201,14.69297]},"properties":{"name":"San Pedro La Laguna","language":"Tz'utujil","isoCode":"tzj","glottocode":"tzut1248","family":"Mayan","group":"Mayan","country":"Guatemala","adminArea":"San Pedro La Laguna"}},{"type":"Feature","geometry":{"type":"Point","coordinates":[-91.6051,15.5116]},"properties":{"name":"Todos Santos Cuchumatán","language":"Not recorded","isoCode":"mam: mvj","glottocode":"mamm1241: mamt1235","family":"Unclassified","group":"Unclassified","country":"Guatemala","adminArea":"Huehuetenango Department"}},{"type":"Feature","geometry":{"type":"Point","coordinates":[-91.58333333,15.38333333]},"properties":{"name":"San Sebastián Huehuetenango","language":"Not recorded","isoCode":"mam: mvj","glottocode":"mamm1241: mamt1235","family":"Unclassified","group":"Unclassified","country":"Guatemala","adminArea":"Huehuetenango Department"}},{"type":"Feature","geometry":{"type":"Point","coordinates":[-91.63333333,15.43333333]},"properties":{"name":"San Juan Atitán","language":"Not recorded","isoCode":"mam: mvj","glottocode":"mamm1241: mamt1235","family":"Unclassified","group":"Unclassified","country":"Guatemala","adminArea":"Huehuetenango Department"}},{"type":"Feature","geometry":{"type":"Point","coordinates":[-90.14597,15.98998]},"properties":{"name":"Canlech","language":"Q'eqchi'","isoCode":"kek","glottocode":"kekc1242","family":"Mayan","group":"Mayan","country":"Guatemala","adminArea":"Alta Verapaz"}},{"type":"Feature","geometry":{"type":"Point","coordinates":[-90.18116,16.03058]},"properties":{"name":"Linterna Uno","language":"Q'eqchi'","isoCode":"kek","glottocode":"kekc1242","family":"Mayan","group":"Mayan","country":"Guatemala","adminArea":"Alta Verapaz"}},{"type":"Feature","geometry":{"type":"Point","coordinates":[-90.22878,16.03888]},"properties":{"name":"Linterna Dos","language":"Q'eqchi'","isoCode":"kek","glottocode":"kekc1242","family":"Mayan","group":"Mayan","country":"Guatemala","adminArea":"Alta Verapaz"}},{"type":"Feature","geometry":{"type":"Point","coordinates":[-89.85082,15.80801]},"properties":{"name":"La Ceiba","language":"Q'eqchi'","isoCode":"kek","glottocode":"kekc1242","family":"Mayan","group":"Mayan","country":"Guatemala","adminArea":"Alta Verapaz"}},{"type":"Feature","geometry":{"type":"Point","coordinates":[-90.16906,16.33289]},"properties":{"name":"Las Pozas","language":"Q'eqchi'","isoCode":"kek","glottocode":"kekc1242","family":"Mayan","group":"Mayan","country":"Guatemala","adminArea":"Petén"}},{"type":"Feature","geometry":{"type":"Point","coordinates":[-90.17908,16.18087]},"properties":{"name":"Santa Rosa La Laguna","language":"Q'eqchi'","isoCode":"kek","glottocode":"kekc1242","family":"Mayan","group":"Mayan","country":"Guatemala","adminArea":"Petén"}},{"type":"Feature","geometry":{"type":"Point","coordinates":[-90.12808,15.94366]},"properties":{"name":"Yalpemech","language":"Q'eqchi'","isoCode":"kek","glottocode":"kekc1242","family":"Mayan","group":"Mayan","country":"Guatemala","adminArea":"Alta Verapaz"}},{"type":"Feature","geometry":{"type":"Point","coordinates":[-90.04061,15.86587]},"properties":{"name":"Raxruhá","language":"Q'eqchi'","isoCode":"kek","glottocode":"kekc1242","family":"Mayan","group":"Mayan","country":"Guatemala","adminArea":"Alta Verapaz"}},{"type":"Feature","geometry":{"type":"Point","coordinates":[-90.13683,15.99892]},"properties":{"name":"Nueva Samaritana","language":"Q'eqchi'","isoCode":"kek","glottocode":"kekc1242","family":"Mayan","group":"Mayan","country":"Guatemala","adminArea":"Alta Verapaz"}},{"type":"Feature","geometry":{"type":"Point","coordinates":[-90.16686,16.01045]},"properties":{"name":"Cruce del Pato","language":"Q'eqchi'","isoCode":"kek","glottocode":"kekc1242","family":"Mayan","group":"Mayan","country":"Guatemala","adminArea":"Alta Verapaz"}},{"type":"Feature","geometry":{"type":"Point","coordinates":[-90.16686,16.01045]},"properties":{"name":"Cruce del Pato","language":"Q'eqchi'","isoCode":"kek","glottocode":"kekc1242","family":"Mayan","group":"Mayan","country":"Guatemala","adminArea":"Alta Verapaz"}},{"type":"Feature","geometry":{"type":"Point","coordinates":[-90.18116,16.03058]},"properties":{"name":"Linterna Uno","language":"Q'eqchi'","isoCode":"kek","glottocode":"kekc1242","family":"Mayan","group":"Mayan","country":"Guatemala","adminArea":"Alta Verapaz"}},{"type":"Feature","geometry":{"type":"Point","coordinates":[-90.1055,15.92437]},"properties":{"name":"Nacimiento Raxquiché","language":"Q'eqchi'","isoCode":"kek","glottocode":"kekc1242","family":"Mayan","group":"Mayan","country":"Guatemala","adminArea":"Alta Verapaz"}},{"type":"Feature","geometry":{"type":"Point","coordinates":[-89.85082,15.80801]},"properties":{"name":"La Ceiba","language":"Q'eqchi'","isoCode":"kek","glottocode":"kekc1242","family":"Mayan","group":"Mayan","country":"Guatemala","adminArea":"Alta Verapaz"}},{"type":"Feature","geometry":{"type":"Point","coordinates":[-90.17908,16.18087]},"properties":{"name":"Santa Rosa La Laguna","language":"Q'eqchi'","isoCode":"kek","glottocode":"kekc1242","family":"Mayan","group":"Mayan","country":"Guatemala","adminArea":"Petén"}},{"type":"Feature","geometry":{"type":"Point","coordinates":[-90.09796,15.89583]},"properties":{"name":"Valle Verde","language":"Q'eqchi'","isoCode":"kek","glottocode":"kekc1242","family":"Mayan","group":"Mayan","country":"Guatemala","adminArea":"Alta Verapaz"}},{"type":"Feature","geometry":{"type":"Point","coordinates":[-90.13683,15.99892]},"properties":{"name":"Nueva Samaritana","language":"Q'eqchi'","isoCode":"kek","glottocode":"kekc1242","family":"Mayan","group":"Mayan","country":"Guatemala","adminArea":"Alta Verapaz"}},{"type":"Feature","geometry":{"type":"Point","coordinates":[-90.14597,15.98998]},"properties":{"name":"Canlech","language":"Q'eqchi'","isoCode":"kek","glottocode":"kekc1242","family":"Mayan","group":"Mayan","country":"Guatemala","adminArea":"Alta Verapaz"}},{"type":"Feature","geometry":{"type":"Point","coordinates":[-90.13683,15.99892]},"properties":{"name":"Nueva Samaritana","language":"Q'eqchi'","isoCode":"kek","glottocode":"kekc1242","family":"Mayan","group":"Mayan","country":"Guatemala","adminArea":"Alta Verapaz"}},{"type":"Feature","geometry":{"type":"Point","coordinates":[-90.14597,15.98998]},"properties":{"name":"Canlech","language":"Q'eqchi'","isoCode":"kek","glottocode":"kekc1242","family":"Mayan","group":"Mayan","country":"Guatemala","adminArea":"Alta Verapaz"}},{"type":"Feature","geometry":{"type":"Point","coordinates":[-90.12808,15.94366]},"properties":{"name":"Yalpemech","language":"Q'eqchi'","isoCode":"kek","glottocode":"kekc1242","family":"Mayan","group":"Mayan","country":"Guatemala","adminArea":"Alta Verapaz"}},{"type":"Feature","geometry":{"type":"Point","coordinates":[-90.18116,16.03058]},"properties":{"name":"Linterna Uno","language":"Q'eqchi'","isoCode":"kek","glottocode":"kekc1242","family":"Mayan","group":"Mayan","country":"Guatemala","adminArea":"Alta Verapaz"}},{"type":"Feature","geometry":{"type":"Point","coordinates":[-90.22878,16.03888]},"properties":{"name":"Linterna Dos","language":"Q'eqchi'","isoCode":"kek","glottocode":"kekc1242","family":"Mayan","group":"Mayan","country":"Guatemala","adminArea":"Alta Verapaz"}},{"type":"Feature","geometry":{"type":"Point","coordinates":[-89.85082,15.80801]},"properties":{"name":"La Ceiba","language":"Q'eqchi'","isoCode":"kek","glottocode":"kekc1242","family":"Mayan","group":"Mayan","country":"Guatemala","adminArea":"Alta Verapaz"}},{"type":"Feature","geometry":{"type":"Point","coordinates":[-90.16906,16.33289]},"properties":{"name":"Las Pozas","language":"Q'eqchi'","isoCode":"kek","glottocode":"kekc1242","family":"Mayan","group":"Mayan","country":"Guatemala","adminArea":"Petén"}},{"type":"Feature","geometry":{"type":"Point","coordinates":[-90.17908,16.18087]},"properties":{"name":"Santa Rosa La Laguna","language":"Q'eqchi'","isoCode":"kek","glottocode":"kekc1242","family":"Mayan","group":"Mayan","country":"Guatemala","adminArea":"Petén"}},{"type":"Feature","geometry":{"type":"Point","coordinates":[-90.16686,16.01045]},"properties":{"name":"Cruce del Pato","language":"Q'eqchi'","isoCode":"kek","glottocode":"kekc1242","family":"Mayan","group":"Mayan","country":"Guatemala","adminArea":"Alta Verapaz"}},{"type":"Feature","geometry":{"type":"Point","coordinates":[-90.13683,15.99892]},"properties":{"name":"Nueva Samaritana","language":"Q'eqchi'","isoCode":"kek","glottocode":"kekc1242","family":"Mayan","group":"Mayan","country":"Guatemala","adminArea":"Alta Verapaz"}},{"type":"Feature","geometry":{"type":"Point","coordinates":[-90.18116,16.03058]},"properties":{"name":"Linterna Uno","language":"Q'eqchi'","isoCode":"kek","glottocode":"kekc1242","family":"Mayan","group":"Mayan","country":"Guatemala","adminArea":"Alta Verapaz"}},{"type":"Feature","geometry":{"type":"Point","coordinates":[-89.85082,15.80801]},"properties":{"name":"La Ceiba","language":"Q'eqchi'","isoCode":"kek","glottocode":"kekc1242","family":"Mayan","group":"Mayan","country":"Guatemala","adminArea":"Alta Verapaz"}},{"type":"Feature","geometry":{"type":"Point","coordinates":[-90.17908,16.18087]},"properties":{"name":"Santa Rosa La Laguna","language":"Q'eqchi'","isoCode":"kek","glottocode":"kekc1242","family":"Mayan","group":"Mayan","country":"Guatemala","adminArea":"Petén"}},{"type":"Feature","geometry":{"type":"Point","coordinates":[-90.42894,16.29035]},"properties":{"name":"Roto Nuevo","language":"Q'eqchi'","isoCode":"kek","glottocode":"kekc1242","family":"Mayan","group":"Mayan","country":"Guatemala","adminArea":"Petén"}},{"type":"Feature","geometry":{"type":"Point","coordinates":[-90.14597,15.98998]},"properties":{"name":"Canlech","language":"Q'eqchi'","isoCode":"kek","glottocode":"kekc1242","family":"Mayan","group":"Mayan","country":"Guatemala","adminArea":"Alta Verapaz"}},{"type":"Feature","geometry":{"type":"Point","coordinates":[-90.18116,16.03058]},"properties":{"name":"Linterna Uno","language":"Q'eqchi'","isoCode":"kek","glottocode":"kekc1242","family":"Mayan","group":"Mayan","country":"Guatemala","adminArea":"Alta Verapaz"}},{"type":"Feature","geometry":{"type":"Point","coordinates":[-90.22878,16.03888]},"properties":{"name":"Linterna Dos","language":"Q'eqchi'","isoCode":"kek","glottocode":"kekc1242","family":"Mayan","group":"Mayan","country":"Guatemala","adminArea":"Alta Verapaz"}},{"type":"Feature","geometry":{"type":"Point","coordinates":[-90.14597,15.98998]},"properties":{"name":"Canlech","language":"Q'eqchi'","isoCode":"kek","glottocode":"kekc1242","family":"Mayan","group":"Mayan","country":"Guatemala","adminArea":"Alta Verapaz"}},{"type":"Feature","geometry":{"type":"Point","coordinates":[-90.12808,15.94366]},"properties":{"name":"Yalpemech","language":"Q'eqchi'","isoCode":"kek","glottocode":"kekc1242","family":"Mayan","group":"Mayan","country":"Guatemala","adminArea":"Alta Verapaz"}},{"type":"Feature","geometry":{"type":"Point","coordinates":[-90.16906,16.33289]},"properties":{"name":"Las Pozas","language":"Q'eqchi'","isoCode":"kek","glottocode":"kekc1242","family":"Mayan","group":"Mayan","country":"Guatemala","adminArea":"Petén"}},{"type":"Feature","geometry":{"type":"Point","coordinates":[-90.17908,16.18087]},"properties":{"name":"Santa Rosa La Laguna","language":"Q'eqchi'","isoCode":"kek","glottocode":"kekc1242","family":"Mayan","group":"Mayan","country":"Guatemala","adminArea":"Petén"}},{"type":"Feature","geometry":{"type":"Point","coordinates":[-90.16686,16.01045]},"properties":{"name":"Cruce del Pato","language":"Q'eqchi'","isoCode":"kek","glottocode":"kekc1242","family":"Mayan","group":"Mayan","country":"Guatemala","adminArea":"Alta Verapaz"}},{"type":"Feature","geometry":{"type":"Point","coordinates":[-90.14597,15.98998]},"properties":{"name":"Canlech","language":"Q'eqchi'","isoCode":"kek","glottocode":"kekc1242","family":"Mayan","group":"Mayan","country":"Guatemala","adminArea":"Alta Verapaz"}},{"type":"Feature","geometry":{"type":"Point","coordinates":[-90.04061,15.86587]},"properties":{"name":"Raxruhá","language":"Q'eqchi'","isoCode":"kek","glottocode":"kekc1242","family":"Mayan","group":"Mayan","country":"Guatemala","adminArea":"Alta Verapaz"}},{"type":"Feature","geometry":{"type":"Point","coordinates":[-90.18116,16.03058]},"properties":{"name":"Linterna Uno","language":"Q'eqchi'","isoCode":"kek","glottocode":"kekc1242","family":"Mayan","group":"Mayan","country":"Guatemala","adminArea":"Alta Verapaz"}},{"type":"Feature","geometry":{"type":"Point","coordinates":[-90.16686,16.01045]},"properties":{"name":"Cruce del Pato","language":"Q'eqchi'","isoCode":"kek","glottocode":"kekc1242","family":"Mayan","group":"Mayan","country":"Guatemala","adminArea":"Alta Verapaz"}},{"type":"Feature","geometry":{"type":"Point","coordinates":[-89.8605,15.8051]},"properties":{"name":"Fray Bartolomé de Las Casas","language":"Q'eqchi'","isoCode":"kek","glottocode":"kekc1242","family":"Mayan","group":"Mayan","country":"Guatemala","adminArea":"Alta Verapaz"}},{"type":"Feature","geometry":{"type":"Point","coordinates":[-90.04061,15.86587]},"properties":{"name":"Raxruhá","language":"Q'eqchi'","isoCode":"kek","glottocode":"kekc1242","family":"Mayan","group":"Mayan","country":"Guatemala","adminArea":"Alta Verapaz"}},{"type":"Feature","geometry":{"type":"Point","coordinates":[-89.60518,15.79122]},"properties":{"name":"Chahal","language":"Q'eqchi'","isoCode":"kek","glottocode":"kekc1242","family":"Mayan","group":"Mayan","country":"Guatemala","adminArea":"Alta Verapaz"}},{"type":"Feature","geometry":{"type":"Point","coordinates":[-90.22199,16.00687]},"properties":{"name":"Tzulul","language":"Q'eqchi'","isoCode":"kek","glottocode":"kekc1242","family":"Mayan","group":"Mayan","country":"Guatemala","adminArea":"Alta Verapaz"}},{"type":"Feature","geometry":{"type":"Point","coordinates":[-89.62121,16.41389]},"properties":{"name":"Nueva Esperanza","language":"Q'eqchi'","isoCode":"kek","glottocode":"kekc1242","family":"Mayan","group":"Mayan","country":"Guatemala","adminArea":"Petén"}},{"type":"Feature","geometry":{"type":"Point","coordinates":[-90.16686,16.01045]},"properties":{"name":"Cruce del Pato","language":"Q'eqchi'","isoCode":"kek","glottocode":"kekc1242","family":"Mayan","group":"Mayan","country":"Guatemala","adminArea":"Alta Verapaz"}},{"type":"Feature","geometry":{"type":"Point","coordinates":[-90.14597,15.98998]},"properties":{"name":"Canlech","language":"Q'eqchi'","isoCode":"kek","glottocode":"kekc1242","family":"Mayan","group":"Mayan","country":"Guatemala","adminArea":"Alta Verapaz"}},{"type":"Feature","geometry":{"type":"Point","coordinates":[-90.18116,16.03058]},"properties":{"name":"Linterna Uno","language":"Q'eqchi'","isoCode":"kek","glottocode":"kekc1242","family":"Mayan","group":"Mayan","country":"Guatemala","adminArea":"Alta Verapaz"}},{"type":"Feature","geometry":{"type":"Point","coordinates":[-90.16686,16.01045]},"properties":{"name":"Cruce del Pato","language":"Q'eqchi'","isoCode":"kek","glottocode":"kekc1242","family":"Mayan","group":"Mayan","country":"Guatemala","adminArea":"Alta Verapaz"}},{"type":"Feature","geometry":{"type":"Point","coordinates":[-90.39856,15.55318]},"properties":{"name":"Comunidad Nueva Libertad","language":"Q'eqchi'","isoCode":"kek","glottocode":"kekc1242","family":"Mayan","group":"Mayan","country":"Guatemala","adminArea":"Alta Verapaz"}},{"type":"Feature","geometry":{"type":"Point","coordinates":[-90.41487,15.97991]},"properties":{"name":"La Torre","language":"Q'eqchi'","isoCode":"kek","glottocode":"kekc1242","family":"Mayan","group":"Mayan","country":"Guatemala","adminArea":"Alta Verapaz"}},{"type":"Feature","geometry":{"type":"Point","coordinates":[-90.39856,15.55318]},"properties":{"name":"Comunidad Nueva Libertad","language":"Q'eqchi'","isoCode":"kek","glottocode":"kekc1242","family":"Mayan","group":"Mayan","country":"Guatemala","adminArea":"Alta Verapaz"}},{"type":"Feature","geometry":{"type":"Point","coordinates":[-91.45,15.6]},"properties":{"name":"San Juan Ixcoy","language":"Q'anjob'al","isoCode":"kjb","glottocode":"qanj1241","family":"Mayan","group":"Mayan","country":"Guatemala","adminArea":"Huehuetenango Department"}},{"type":"Feature","geometry":{"type":"Point","coordinates":[-91.4125,15.58962]},"properties":{"name":"Jolomhuitz","language":"Q'anjob'al","isoCode":"kjb","glottocode":"qanj1241","family":"Mayan","group":"Mayan","country":"Guatemala","adminArea":"Huehuetenango"}},{"type":"Feature","geometry":{"type":"Point","coordinates":[-91.48333333,14.78333333]},"properties":{"name":"Zunil","language":"K'iche'","isoCode":"quc","glottocode":"kich1262","family":"Mayan","group":"Mayan","country":"Guatemala","adminArea":"Zunil"}},{"type":"Feature","geometry":{"type":"Point","coordinates":[-91.45551111,14.81122222]},"properties":{"name":"Cantel","language":"K'iche'","isoCode":"quc","glottocode":"kich1262","family":"Mayan","group":"Mayan","country":"Guatemala","adminArea":"Quetzaltenango Department"}},{"type":"Feature","geometry":{"type":"Point","coordinates":[-91.5,14.81666667]},"properties":{"name":"Almolonga","language":"K'iche'","isoCode":"quc","glottocode":"kich1262","family":"Mayan","group":"Mayan","country":"Guatemala","adminArea":"Almolonga"}},{"type":"Feature","geometry":{"type":"Point","coordinates":[-91.45551111,14.81122222]},"properties":{"name":"Cantel","language":"K'iche'","isoCode":"quc","glottocode":"kich1262","family":"Mayan","group":"Mayan","country":"Guatemala","adminArea":"Quetzaltenango Department"}},{"type":"Feature","geometry":{"type":"Point","coordinates":[-91.48333333,14.78333333]},"properties":{"name":"Zunil","language":"K'iche'","isoCode":"quc","glottocode":"kich1262","family":"Mayan","group":"Mayan","country":"Guatemala","adminArea":"Zunil"}},{"type":"Feature","geometry":{"type":"Point","coordinates":[-91.5,14.81666667]},"properties":{"name":"Almolonga","language":"K'iche'","isoCode":"quc","glottocode":"kich1262","family":"Mayan","group":"Mayan","country":"Guatemala","adminArea":"Almolonga"}},{"type":"Feature","geometry":{"type":"Point","coordinates":[-91.66666667,15.41666667]},"properties":{"name":"San Rafael Petzal","language":"Not recorded","isoCode":"mam: mvj","glottocode":"mamm1241: mamt1235","family":"Unclassified","group":"Unclassified","country":"Guatemala","adminArea":"Huehuetenango Department"}},{"type":"Feature","geometry":{"type":"Point","coordinates":[-91.7155659,15.4053531]},"properties":{"name":"Colotenango","language":"Not recorded","isoCode":"mam: mvj","glottocode":"mamm1241: mamt1235","family":"Unclassified","group":"Unclassified","country":"Guatemala","adminArea":"Huehuetenango Department"}},{"type":"Feature","geometry":{"type":"Point","coordinates":[-91.76666667,15.5]},"properties":{"name":"San Pedro Necta","language":"Not recorded","isoCode":"mam: mvj","glottocode":"mamm1241: mamt1235","family":"Unclassified","group":"Unclassified","country":"Guatemala","adminArea":"Huehuetenango Department"}},{"type":"Feature","geometry":{"type":"Point","coordinates":[-91.8667,15.6333]},"properties":{"name":"La Democracia","language":"Not recorded","isoCode":"mam: mvj","glottocode":"mamm1241: mamt1235","family":"Unclassified","group":"Unclassified","country":"Guatemala","adminArea":"Huehuetenango Department"}},{"type":"Feature","geometry":{"type":"Point","coordinates":[-91.61267,15.39696]},"properties":{"name":"Piol","language":"Not recorded","isoCode":"mam: mvj","glottocode":"mamm1241: mamt1235","family":"Unclassified","group":"Unclassified","country":"Guatemala","adminArea":"Huehuetenango"}},{"type":"Feature","geometry":{"type":"Point","coordinates":[-91.48333333,15.83333333]},"properties":{"name":"San Mateo Ixtatán","language":"Q'anjob'al","isoCode":"kjb","glottocode":"qanj1241","family":"Mayan","group":"Mayan","country":"Guatemala","adminArea":"Huehuetenango Department"}},{"type":"Feature","geometry":{"type":"Point","coordinates":[-91.4586,15.7333]},"properties":{"name":"Santa Eulalia","language":"Q'anjob'al","isoCode":"kjb","glottocode":"qanj1241","family":"Mayan","group":"Mayan","country":"Guatemala","adminArea":"Huehuetenango Department"}},{"type":"Feature","geometry":{"type":"Point","coordinates":[-91.61666667,15.7]},"properties":{"name":"San Miguel Acatán","language":"Q'anjob'al","isoCode":"kjb","glottocode":"qanj1241","family":"Mayan","group":"Mayan","country":"Guatemala","adminArea":"Huehuetenango Department"}},{"type":"Feature","geometry":{"type":"Point","coordinates":[-91.56666667,15.73333333]},"properties":{"name":"San Sebastián Coatán","language":"Q'anjob'al","isoCode":"kjb","glottocode":"qanj1241","family":"Mayan","group":"Mayan","country":"Guatemala","adminArea":"Huehuetenango Department"}},{"type":"Feature","geometry":{"type":"Point","coordinates":[-91.755234,15.80122]},"properties":{"name":"Nentón","language":"Chuj","isoCode":"cac","glottocode":"chuj1250","family":"Mayan","group":"Mayan","country":"Guatemala","adminArea":"Huehuetenango Department"}},{"type":"Feature","geometry":{"type":"Point","coordinates":[-91.755234,15.80122]},"properties":{"name":"Nentón","language":"Chuj","isoCode":"cac","glottocode":"chuj1250","family":"Mayan","group":"Mayan","country":"Guatemala","adminArea":"Huehuetenango Department"}},{"type":"Feature","geometry":{"type":"Point","coordinates":[-91.48333333,14.78333333]},"properties":{"name":"Zunil","language":"K'iche'","isoCode":"quc","glottocode":"kich1262","family":"Mayan","group":"Mayan","country":"Guatemala","adminArea":"Zunil"}},{"type":"Feature","geometry":{"type":"Point","coordinates":[-91.5,14.81666667]},"properties":{"name":"Almolonga","language":"K'iche'","isoCode":"quc","glottocode":"kich1262","family":"Mayan","group":"Mayan","country":"Guatemala","adminArea":"Almolonga"}},{"type":"Feature","geometry":{"type":"Point","coordinates":[-91.45551111,14.81122222]},"properties":{"name":"Cantel","language":"K'iche'","isoCode":"quc","glottocode":"kich1262","family":"Mayan","group":"Mayan","country":"Guatemala","adminArea":"Quetzaltenango Department"}},{"type":"Feature","geometry":{"type":"Point","coordinates":[-91.48333333,14.78333333]},"properties":{"name":"Zunil","language":"K'iche'","isoCode":"quc","glottocode":"kich1262","family":"Mayan","group":"Mayan","country":"Guatemala","adminArea":"Zunil"}},{"type":"Feature","geometry":{"type":"Point","coordinates":[-91.5,14.81666667]},"properties":{"name":"Almolonga","language":"K'iche'","isoCode":"quc","glottocode":"kich1262","family":"Mayan","group":"Mayan","country":"Guatemala","adminArea":"Almolonga"}},{"type":"Feature","geometry":{"type":"Point","coordinates":[-91.28666,14.69453]},"properties":{"name":"San Juan La Laguna","language":"Tz'utujil","isoCode":"tzj","glottocode":"tzut1248","family":"Mayan","group":"Mayan","country":"Guatemala","adminArea":""}},{"type":"Feature","geometry":{"type":"Point","coordinates":[-91.22992222,14.63855278]},"properties":{"name":"Santiago Atitlán","language":"Tz'utujil","isoCode":"tzj","glottocode":"tzut1248","family":"Mayan","group":"Mayan","country":"Guatemala","adminArea":"Sololá Department"}},{"type":"Feature","geometry":{"type":"Point","coordinates":[-91.27201,14.69297]},"properties":{"name":"San Pedro La Laguna","language":"Tz'utujil","isoCode":"tzj","glottocode":"tzut1248","family":"Mayan","group":"Mayan","country":"Guatemala","adminArea":"San Pedro La Laguna"}},{"type":"Feature","geometry":{"type":"Point","coordinates":[-91.27201,14.69297]},"properties":{"name":"San Pedro La Laguna","language":"Tz'utujil","isoCode":"tzj","glottocode":"tzut1248","family":"Mayan","group":"Mayan","country":"Guatemala","adminArea":"San Pedro La Laguna"}},{"type":"Feature","geometry":{"type":"Point","coordinates":[-96.45889,15.98167]},"properties":{"name":"Los Naranjos Esquipulas, Oaxaca, Mexico","language":"Loxicha Zapotec","isoCode":"ztp","glottocode":"loxi1235","family":"Otomanguean","group":"Zapotec","country":"Mexico","adminArea":"San Pedro Pochutla"}},{"type":"Feature","geometry":{"type":"Point","coordinates":[-96.47388889,16.03166667]},"properties":{"name":"San Pedro el Alto","language":"Loxicha Zapotec","isoCode":"ztp","glottocode":"loxi1235","family":"Otomanguean","group":"Zapotec","country":"Mexico","adminArea":"Oaxaca"}},{"type":"Feature","geometry":{"type":"Point","coordinates":[-91.48333333,14.78333333]},"properties":{"name":"Zunil","language":"K'iche'","isoCode":"quc","glottocode":"kich1262","family":"Mayan","group":"Mayan","country":"Guatemala","adminArea":"Zunil"}},{"type":"Feature","geometry":{"type":"Point","coordinates":[-91.45551111,14.81122222]},"properties":{"name":"Cantel","language":"K'iche'","isoCode":"quc","glottocode":"kich1262","family":"Mayan","group":"Mayan","country":"Guatemala","adminArea":"Quetzaltenango Department"}},{"type":"Feature","geometry":{"type":"Point","coordinates":[-91.5,14.81666667]},"properties":{"name":"Almolonga","language":"K'iche'","isoCode":"quc","glottocode":"kich1262","family":"Mayan","group":"Mayan","country":"Guatemala","adminArea":"Almolonga"}},{"type":"Feature","geometry":{"type":"Point","coordinates":[-91.48333333,14.78333333]},"properties":{"name":"Zunil","language":"Not recorded","isoCode":"quc; spa","glottocode":"kich1262; cent2388","family":"Unclassified","group":"Unclassified","country":"Guatemala","adminArea":"Zunil"}},{"type":"Feature","geometry":{"type":"Point","coordinates":[-91.5,14.81666667]},"properties":{"name":"Almolonga","language":"Not recorded","isoCode":"quc; spa","glottocode":"kich1262; cent2388","family":"Unclassified","group":"Unclassified","country":"Guatemala","adminArea":"Almolonga"}},{"type":"Feature","geometry":{"type":"Point","coordinates":[-122.67916667,45.515]},"properties":{"name":"Portland","language":"Not recorded","isoCode":"spa; eng; yua","glottocode":"mexi1248; nort3317; yuca1254","family":"Unclassified","group":"Unclassified","country":"United States","adminArea":"Multnomah County"}},{"type":"Feature","geometry":{"type":"Point","coordinates":[-91.6051,15.5116]},"properties":{"name":"Todos Santos Cuchumatán","language":"Not recorded","isoCode":"mam: mvj","glottocode":"mamm1241: mamt1235","family":"Unclassified","group":"Unclassified","country":"Guatemala","adminArea":"Huehuetenango Department"}},{"type":"Feature","geometry":{"type":"Point","coordinates":[-91.66023,15.45515]},"properties":{"name":"Cuate","language":"Not recorded","isoCode":"mam: mvj","glottocode":"mamm1241: mamt1235","family":"Unclassified","group":"Unclassified","country":"Guatemala","adminArea":"Huehuetenango"}},{"type":"Feature","geometry":{"type":"Point","coordinates":[-91.53333333,15.71666667]},"properties":{"name":"San Rafael La Independencia","language":"Q'anjob'al","isoCode":"kjb","glottocode":"qanj1241","family":"Mayan","group":"Mayan","country":"Guatemala","adminArea":"Huehuetenango Department"}},{"type":"Feature","geometry":{"type":"Point","coordinates":[-91.53333333,15.71666667]},"properties":{"name":"San Rafael La Independencia","language":"Q'anjob'al","isoCode":"kjb","glottocode":"qanj1241","family":"Mayan","group":"Mayan","country":"Guatemala","adminArea":"Huehuetenango Department"}},{"type":"Feature","geometry":{"type":"Point","coordinates":[-97.98028,17.21667]},"properties":{"name":"Agua Fría Copala","language":"San Martín Itunyoso Triqui","isoCode":"trq","glottocode":"sanm1298","family":"Otomanguean","group":"Triqui","country":"Mexico","adminArea":"Santiago Juxtlahuaca Municipality"}},{"type":"Feature","geometry":{"type":"Point","coordinates":[-97.975,17.22530555]},"properties":{"name":"Ojo de Agua Copala, Oaxaca, Mexico","language":"San Martín Itunyoso Triqui","isoCode":"trq","glottocode":"sanm1298","family":"Otomanguean","group":"Triqui","country":"Mexico","adminArea":"Santiago Juxtlahuaca Municipality"}},{"type":"Feature","geometry":{"type":"Point","coordinates":[-96.45889,15.98167]},"properties":{"name":"Los Naranjos Esquipulas","language":"Loxicha Zapotec","isoCode":"ztp","glottocode":"loxi1235","family":"Otomanguean","group":"Zapotec","country":"Mexico","adminArea":"San Pedro Pochutla"}},{"type":"Feature","geometry":{"type":"Point","coordinates":[-96.47388889,16.03166667]},"properties":{"name":"San Pedro el Alto","language":"Loxicha Zapotec","isoCode":"ztp","glottocode":"loxi1235","family":"Otomanguean","group":"Zapotec","country":"Mexico","adminArea":"Oaxaca"}},{"type":"Feature","geometry":{"type":"Point","coordinates":[-101.63221,19.66943]},"properties":{"name":"San Andrés Tziróndaro","language":"Not recorded","isoCode":"spa","glottocode":"mexi1248","family":"Unclassified","group":"Unclassified","country":"Mexico","adminArea":"Quiroga"}},{"type":"Feature","geometry":{"type":"Point","coordinates":[-101.67388889,19.60222222]},"properties":{"name":"Puácuaro","language":"Not recorded","isoCode":"spa","glottocode":"mexi1248","family":"Unclassified","group":"Unclassified","country":"Mexico","adminArea":"Erongarícuaro Municipality"}},{"type":"Feature","geometry":{"type":"Point","coordinates":[-91.48333333,15.83333333]},"properties":{"name":"San Mateo Ixtatán","language":"Chuj","isoCode":"cac","glottocode":"chuj1250","family":"Mayan","group":"Mayan","country":"Guatemala","adminArea":"Huehuetenango Department"}},{"type":"Feature","geometry":{"type":"Point","coordinates":[-91.48333333,15.83333333]},"properties":{"name":"San Mateo Ixtatán","language":"Chuj","isoCode":"cac","glottocode":"chuj1250","family":"Mayan","group":"Mayan","country":"Guatemala","adminArea":"Huehuetenango Department"}},{"type":"Feature","geometry":{"type":"Point","coordinates":[-91.6051,15.5116]},"properties":{"name":"Todos Santos Cuchumatán","language":"Not recorded","isoCode":"mam: mvj","glottocode":"mamm1241: mamt1235","family":"Unclassified","group":"Unclassified","country":"Guatemala","adminArea":"Huehuetenango Department"}},{"type":"Feature","geometry":{"type":"Point","coordinates":[-91.58333333,15.38333333]},"properties":{"name":"San Sebastián Huehuetenango","language":"Not recorded","isoCode":"mam: mvj","glottocode":"mamm1241: mamt1235","family":"Unclassified","group":"Unclassified","country":"Guatemala","adminArea":"Huehuetenango Department"}},{"type":"Feature","geometry":{"type":"Point","coordinates":[-91.456761,15.3566902]},"properties":{"name":"Chiantla","language":"Not recorded","isoCode":"mam: mvj","glottocode":"mamm1241: mamt1235","family":"Unclassified","group":"Unclassified","country":"Guatemala","adminArea":"Huehuetenango Department"}},{"type":"Feature","geometry":{"type":"Point","coordinates":[-101.63221,19.66943]},"properties":{"name":"San Andrés Tziróndaro","language":"Purepecha","isoCode":"tsz","glottocode":"pure1242","family":"Purépecha","group":"Purépecha","country":"Mexico","adminArea":"Quiroga"}},{"type":"Feature","geometry":{"type":"Point","coordinates":[-101.55416,19.67252]},"properties":{"name":"Santa Fe de la Laguna","language":"Purepecha","isoCode":"tsz","glottocode":"pure1242","family":"Purépecha","group":"Purépecha","country":"Mexico","adminArea":"Quiroga"}},{"type":"Feature","geometry":{"type":"Point","coordinates":[-101.61166667,19.67916667]},"properties":{"name":"San Jerónimo Purenchécuaro","language":"Purepecha","isoCode":"tsz","glottocode":"pure1242","family":"Purépecha","group":"Purépecha","country":"Mexico","adminArea":"Quiroga Municipality"}},{"type":"Feature","geometry":{"type":"Point","coordinates":[-96.46666667,16.09277778]},"properties":{"name":"San Miguel Suchixtepec","language":"Loxicha Zapotec","isoCode":"ztp","glottocode":"loxi1235","family":"Otomanguean","group":"Zapotec","country":"Mexico","adminArea":"San Miguel Suchixtepec Municipality"}},{"type":"Feature","geometry":{"type":"Point","coordinates":[-96.45889,15.98167]},"properties":{"name":"Los Naranjo Esquipulas","language":"Loxicha Zapotec","isoCode":"ztp","glottocode":"loxi1235","family":"Otomanguean","group":"Zapotec","country":"Mexico","adminArea":"San Pedro Pochutla"}},{"type":"Feature","geometry":{"type":"Point","coordinates":[-96.61667,16.01655]},"properties":{"name":"San Agustín Loxicha","language":"Loxicha Zapotec","isoCode":"ztp","glottocode":"loxi1235","family":"Otomanguean","group":"Zapotec","country":"Mexico","adminArea":"San Agustín Loxicha Municipality"}},{"type":"Feature","geometry":{"type":"Point","coordinates":[-96.40472222,16.08777778]},"properties":{"name":"San Marcial Ozolotepec","language":"Loxicha Zapotec","isoCode":"ztp","glottocode":"loxi1235","family":"Otomanguean","group":"Zapotec","country":"Mexico","adminArea":"San Marcial Ozolotepec Municipality"}},{"type":"Feature","geometry":{"type":"Point","coordinates":[-96.49115028,15.92694444]},"properties":{"name":"Candelaria Loxicha","language":"Loxicha Zapotec","isoCode":"ztp","glottocode":"loxi1235","family":"Otomanguean","group":"Zapotec","country":"Mexico","adminArea":"Candelaria Loxicha Municipality"}},{"type":"Feature","geometry":{"type":"Point","coordinates":[-96.47388889,16.03166667]},"properties":{"name":"San Pedro el Alto","language":"Loxicha Zapotec","isoCode":"ztp","glottocode":"loxi1235","family":"Otomanguean","group":"Zapotec","country":"Mexico","adminArea":"Oaxaca"}},{"type":"Feature","geometry":{"type":"Point","coordinates":[-98.05027778,17.24388889]},"properties":{"name":"San Miguel Cuevas- Nuu Yuku, Oaxaca, Mexico","language":"Juxtlahuaca Mixtec","isoCode":"vmc","glottocode":"juxt1235","family":"Otomanguean","group":"Mixtec","country":"Mexico","adminArea":"Santiago Juxtlahuaca Municipality"}},{"type":"Feature","geometry":{"type":"Point","coordinates":[-97.93694,17.48917]},"properties":{"name":"Santa María Tindú","language":"Mixtepec Mixtec","isoCode":"mix","glottocode":"mixt1425","family":"Otomanguean","group":"Mixtec","country":"Mexico","adminArea":"Tezoatlán de Segura y Luna Municipality"}},{"type":"Feature","geometry":{"type":"Point","coordinates":[-97.90722,17.34278]},"properties":{"name":"Tinuma de Zaragoza","language":"Mixtepec Mixtec","isoCode":"mix","glottocode":"mixt1425","family":"Otomanguean","group":"Mixtec","country":"Mexico","adminArea":"Santiago Juxtlahuaca Municipality"}},{"type":"Feature","geometry":{"type":"Point","coordinates":[-97.93844,17.43782]},"properties":{"name":"Santos Reyes Tepejillo","language":"Mixtepec Mixtec","isoCode":"mix","glottocode":"mixt1425","family":"Otomanguean","group":"Mixtec","country":"Mexico","adminArea":"Santos Reyes Tepejillo Municipality"}},{"type":"Feature","geometry":{"type":"Point","coordinates":[-97.91333333,17.38611111]},"properties":{"name":"San Juan Cahuayaxi, Oaxaca, Mexico","language":"Mixtepec Mixtec","isoCode":"mix","glottocode":"mixt1425","family":"Otomanguean","group":"Mixtec","country":"Mexico","adminArea":"Oaxaca"}},{"type":"Feature","geometry":{"type":"Point","coordinates":[-91.7155659,15.4053531]},"properties":{"name":"Colotenango","language":"Not recorded","isoCode":"mam: mvj","glottocode":"mamm1241: mamt1235","family":"Unclassified","group":"Unclassified","country":"Guatemala","adminArea":"Huehuetenango Department"}},{"type":"Feature","geometry":{"type":"Point","coordinates":[-91.77702,15.38982]},"properties":{"name":"Polajá","language":"Not recorded","isoCode":"mam: mvj","glottocode":"mamm1241: mamt1235","family":"Unclassified","group":"Unclassified","country":"Guatemala","adminArea":"Huehuetenango"}},{"type":"Feature","geometry":{"type":"Point","coordinates":[-96.54,17.01583]},"properties":{"name":"Macuilxóchitl de Artigas Carranza","language":"Western Tlacolula Valley Zapotec","isoCode":"zab","glottocode":"sanj1284","family":"Otomanguean","group":"Zapotec","country":"Mexico","adminArea":"San Jerónimo Tlacochahuaya Municipality"}},{"type":"Feature","geometry":{"type":"Point","coordinates":[-96.47166667,16.99361111]},"properties":{"name":"Santa Ana del Valle","language":"Western Tlacolula Valley Zapotec","isoCode":"zab","glottocode":"sanj1284","family":"Otomanguean","group":"Zapotec","country":"Mexico","adminArea":"Santa Ana del Valle Municipality"}},{"type":"Feature","geometry":{"type":"Point","coordinates":[-96.58333333,17.00694444]},"properties":{"name":"San Jerónimo Tlacochahuaya","language":"Western Tlacolula Valley Zapotec","isoCode":"zab","glottocode":"sanj1284","family":"Otomanguean","group":"Zapotec","country":"Mexico","adminArea":"San Jerónimo Tlacochahuaya Municipality"}},{"type":"Feature","geometry":{"type":"Point","coordinates":[-96.52,17.02916667]},"properties":{"name":"Teotitlán del Valle","language":"Western Tlacolula Valley Zapotec","isoCode":"zab","glottocode":"sanj1284","family":"Otomanguean","group":"Zapotec","country":"Mexico","adminArea":"Teotitlán del Valle Municipality"}},{"type":"Feature","geometry":{"type":"Point","coordinates":[-99.48167,17.93444]},"properties":{"name":"San Marcos Oacatzingo","language":"Central Guerrero Nahuatl","isoCode":"ngu","glottocode":"guer1241","family":"Uto-Aztecan","group":"Nahuan","country":"Mexico","adminArea":"Mártir de Cuilapan Municipality"}},{"type":"Feature","geometry":{"type":"Point","coordinates":[-99.33902,17.92537]},"properties":{"name":"San Francisco Ozomatlán","language":"Central Guerrero Nahuatl","isoCode":"ngu","glottocode":"guer1241","family":"Uto-Aztecan","group":"Nahuan","country":"Mexico","adminArea":"Huitzuco de los Figueroa Municipality"}},{"type":"Feature","geometry":{"type":"Point","coordinates":[-99.48013,17.75633]},"properties":{"name":"Huitziltepec","language":"Central Guerrero Nahuatl","isoCode":"ngu","glottocode":"guer1241","family":"Uto-Aztecan","group":"Nahuan","country":"Mexico","adminArea":"Eduardo Neri Municipality"}},{"type":"Feature","geometry":{"type":"Point","coordinates":[-99.19472222,19.53666667]},"properties":{"name":"Tlalnepantla","language":"Central Guerrero Nahuatl","isoCode":"ngu","glottocode":"guer1241","family":"Uto-Aztecan","group":"Nahuan","country":"Mexico","adminArea":"Tlalnepantla de Baz Municipality"}},{"type":"Feature","geometry":{"type":"Point","coordinates":[-97.82972222,17.30472222]},"properties":{"name":"San Juan Mixtepec Distrito 08","language":"Mixtepec Mixtec","isoCode":"mix","glottocode":"mixt1425","family":"Otomanguean","group":"Mixtec","country":"Mexico","adminArea":"San Juan Mixtepec Distrito 08 Municipality"}},{"type":"Feature","geometry":{"type":"Point","coordinates":[-97.82972222,17.30472222]},"properties":{"name":"San Juan Mixtepec Distrito 08","language":"Mixtepec Mixtec","isoCode":"mix","glottocode":"mixt1425","family":"Otomanguean","group":"Mixtec","country":"Mexico","adminArea":"San Juan Mixtepec Distrito 08 Municipality"}},{"type":"Feature","geometry":{"type":"Point","coordinates":[-97.49583,17.09667]},"properties":{"name":"Santa Cruz","language":"Santa María Yosoyúa Mixtec","isoCode":"mig","glottocode":"0","family":"Otomanguean","group":"Mixtec","country":"Mexico","adminArea":"Santa María Yosoyúa Municipality"}},{"type":"Feature","geometry":{"type":"Point","coordinates":[-97.49722,17.11889]},"properties":{"name":"Guadalupe Yosoyúa","language":"Santa María Yosoyúa Mixtec","isoCode":"mig","glottocode":"0","family":"Otomanguean","group":"Mixtec","country":"Mexico","adminArea":"Santa María Yosoyúa Municipality"}},{"type":"Feature","geometry":{"type":"Point","coordinates":[-97.51527778,17.11805556]},"properties":{"name":"Santa Maria Yosoyúa","language":"Santa María Yosoyúa Mixtec","isoCode":"mig","glottocode":"0","family":"Otomanguean","group":"Mixtec","country":"Mexico","adminArea":"Santa María Yosoyúa Municipality"}},{"type":"Feature","geometry":{"type":"Point","coordinates":[-97.51527778,17.11805556]},"properties":{"name":"Santa Maria Yosoyúa","language":"Santa María Yosoyúa Mixtec","isoCode":"mig","glottocode":"0","family":"Otomanguean","group":"Mixtec","country":"Mexico","adminArea":"Santa María Yosoyúa Municipality"}},{"type":"Feature","geometry":{"type":"Point","coordinates":[-91.7155659,15.4053531]},"properties":{"name":"Colotenango","language":"Not recorded","isoCode":"mam: mvj, spa","glottocode":"mamm1241: mamt1235","family":"Unclassified","group":"Unclassified","country":"Guatemala","adminArea":"Huehuetenango Department"}},{"type":"Feature","geometry":{"type":"Point","coordinates":[-91.78333333,15.28333333]},"properties":{"name":"Concepción Tutuapa","language":"Not recorded","isoCode":"mam: mvj, spa","glottocode":"mamm1241: mamt1235","family":"Unclassified","group":"Unclassified","country":"Guatemala","adminArea":"San Marcos Department"}},{"type":"Feature","geometry":{"type":"Point","coordinates":[-91.79583333,14.96527778]},"properties":{"name":"San Marcos","language":"Not recorded","isoCode":"mam: mvj, spa","glottocode":"mamm1241: mamt1235","family":"Unclassified","group":"Unclassified","country":"Guatemala","adminArea":"San Marcos Department"}},{"type":"Feature","geometry":{"type":"Point","coordinates":[-91.75,15.25]},"properties":{"name":"San Miguel Ixtahuacán","language":"Not recorded","isoCode":"mam: mvj, spa","glottocode":"mamm1241: mamt1235","family":"Unclassified","group":"Unclassified","country":"Guatemala","adminArea":"San Marcos Department"}},{"type":"Feature","geometry":{"type":"Point","coordinates":[-91.76666667,15.5]},"properties":{"name":"San Pedro Necta","language":"Not recorded","isoCode":"mam: mvj, spa","glottocode":"mamm1241: mamt1235","family":"Unclassified","group":"Unclassified","country":"Guatemala","adminArea":"Huehuetenango Department"}},{"type":"Feature","geometry":{"type":"Point","coordinates":[-91.58333333,15.38333333]},"properties":{"name":"San Sebastián Huehuetenango","language":"Not recorded","isoCode":"mam: mvj","glottocode":"mamm1241: mamt1235","family":"Unclassified","group":"Unclassified","country":"Guatemala","adminArea":"Huehuetenango Department"}},{"type":"Feature","geometry":{"type":"Point","coordinates":[-91.64071,15.55159]},"properties":{"name":"Chicoy","language":"Not recorded","isoCode":"mam: mvj","glottocode":"mamm1241: mamt1235","family":"Unclassified","group":"Unclassified","country":"Guatemala","adminArea":"Huehuetenango"}},{"type":"Feature","geometry":{"type":"Point","coordinates":[-102.67889,23.05389]},"properties":{"name":"Colonia Buenavista","language":"Orizaba Nahuatl","isoCode":"nlv","glottocode":"oriz1235","family":"Uto-Aztecan","group":"Nahuan","country":"Mexico","adminArea":"Calera de Víctor Rosales"}},{"type":"Feature","geometry":{"type":"Point","coordinates":[-102.11194,19.68139]},"properties":{"name":"Santa María Urapicho","language":"Not recorded","isoCode":"pua; spa","glottocode":"west2631; mexi1248","family":"Unclassified","group":"Unclassified","country":"Mexico","adminArea":"Paracho Municipality"}},{"type":"Feature","geometry":{"type":"Point","coordinates":[-102.11963889,19.66025]},"properties":{"name":"Ninguno","language":"Not recorded","isoCode":"pua; spa","glottocode":"west2631; mexi1248","family":"Unclassified","group":"Unclassified","country":"Mexico","adminArea":"Paracho Municipality"}},{"type":"Feature","geometry":{"type":"Point","coordinates":[-102.22111111,19.79694444]},"properties":{"name":"Ocumicho","language":"Not recorded","isoCode":"pua; spa","glottocode":"west2631; mexi1248","family":"Unclassified","group":"Unclassified","country":"Mexico","adminArea":"Charapan"}},{"type":"Feature","geometry":{"type":"Point","coordinates":[-102.28888889,19.80305556]},"properties":{"name":"Patamban","language":"Not recorded","isoCode":"pua; spa","glottocode":"west2631; mexi1248","family":"Unclassified","group":"Unclassified","country":"Mexico","adminArea":"Tangancícuaro Municipality"}},{"type":"Feature","geometry":{"type":"Point","coordinates":[-102.18888889,19.69388889]},"properties":{"name":"Cocucho","language":"Not recorded","isoCode":"pua; spa","glottocode":"west2631; mexi1248","family":"Unclassified","group":"Unclassified","country":"Mexico","adminArea":"Charapan"}},{"type":"Feature","geometry":{"type":"Point","coordinates":[-91.4125,15.58962]},"properties":{"name":"Jolomhuitz","language":"Not recorded","isoCode":"qanj1241","glottocode":"kjb","family":"Unclassified","group":"Unclassified","country":"Guatemala","adminArea":"Huehuetenango"}},{"type":"Feature","geometry":{"type":"Point","coordinates":[-91.37677,15.59056]},"properties":{"name":"Sachán","language":"Not recorded","isoCode":"qanj1241","glottocode":"kjb","family":"Unclassified","group":"Unclassified","country":"Guatemala","adminArea":"Huehuetenango"}},{"type":"Feature","geometry":{"type":"Point","coordinates":[-98.03117389,17.34585639]},"properties":{"name":"San Sebastián Tecomaxtlahuaca","language":"Not recorded","isoCode":"spa; vmc","glottocode":"mexi1248; juxt1235","family":"Unclassified","group":"Unclassified","country":"Mexico","adminArea":"San Sebastián Tecomaxtlahuaca Municipality"}},{"type":"Feature","geometry":{"type":"Point","coordinates":[-98.03117389,17.34585639]},"properties":{"name":"San Sebastián Tecomaxtlahuaca","language":"Not recorded","isoCode":"spa; vmc","glottocode":"mexi1248; juxt1235","family":"Unclassified","group":"Unclassified","country":"Mexico","adminArea":"San Sebastián Tecomaxtlahuaca Municipality"}},{"type":"Feature","geometry":{"type":"Point","coordinates":[-91.58333,15.93333]},"properties":{"name":"Ixtenam","language":"Chuj","isoCode":"cac","glottocode":"chuj1250","family":"Mayan","group":"Mayan","country":"Guatemala","adminArea":"Huehuetenango"}},{"type":"Feature","geometry":{"type":"Point","coordinates":[-91.8109,15.90924]},"properties":{"name":"Chacaj","language":"Chuj","isoCode":"cac","glottocode":"chuj1250","family":"Mayan","group":"Mayan","country":"Guatemala","adminArea":"Huehuetenango"}},{"type":"Feature","geometry":{"type":"Point","coordinates":[-91.755234,15.80122]},"properties":{"name":"Nentón","language":"Chuj","isoCode":"cac","glottocode":"chuj1250","family":"Mayan","group":"Mayan","country":"Guatemala","adminArea":"Huehuetenango Department"}},{"type":"Feature","geometry":{"type":"Point","coordinates":[-91.62127,15.85759]},"properties":{"name":"Yolcultac","language":"Chuj","isoCode":"cac","glottocode":"chuj1250","family":"Mayan","group":"Mayan","country":"Guatemala","adminArea":"Huehuetenango"}},{"type":"Feature","geometry":{"type":"Point","coordinates":[-91.22924,14.80696]},"properties":{"name":"Xequel","language":"Chuj","isoCode":"cac","glottocode":"chuj1250","family":"Mayan","group":"Mayan","country":"Guatemala","adminArea":"Sololá"}},{"type":"Feature","geometry":{"type":"Point","coordinates":[-91.56536,15.87286]},"properties":{"name":"Guaisná","language":"Chuj","isoCode":"cac","glottocode":"chuj1250","family":"Mayan","group":"Mayan","country":"Guatemala","adminArea":"Huehuetenango"}},{"type":"Feature","geometry":{"type":"Point","coordinates":[-91.5517,15.88167]},"properties":{"name":"Patalcal","language":"Chuj","isoCode":"cac","glottocode":"chuj1250","family":"Mayan","group":"Mayan","country":"Guatemala","adminArea":"Huehuetenango"}},{"type":"Feature","geometry":{"type":"Point","coordinates":[-91.53601,15.8754]},"properties":{"name":"Ocanté","language":"Chuj","isoCode":"cac","glottocode":"chuj1250","family":"Mayan","group":"Mayan","country":"Guatemala","adminArea":"Huehuetenango"}},{"type":"Feature","geometry":{"type":"Point","coordinates":[-91.56878,15.85057]},"properties":{"name":"Guayabquej","language":"Chuj","isoCode":"cac","glottocode":"chuj1250","family":"Mayan","group":"Mayan","country":"Guatemala","adminArea":"Huehuetenango"}},{"type":"Feature","geometry":{"type":"Point","coordinates":[-91.59962,15.86486]},"properties":{"name":"Sebep","language":"Chuj","isoCode":"cac","glottocode":"chuj1250","family":"Mayan","group":"Mayan","country":"Guatemala","adminArea":"Huehuetenango"}},{"type":"Feature","geometry":{"type":"Point","coordinates":[-91.48333333,15.83333333]},"properties":{"name":"San Mateo Ixtatán","language":"Chuj","isoCode":"cac","glottocode":"chuj1250","family":"Mayan","group":"Mayan","country":"Guatemala","adminArea":"Huehuetenango Department"}},{"type":"Feature","geometry":{"type":"Point","coordinates":[-91.8109,15.90924]},"properties":{"name":"Chacaj","language":"Chuj","isoCode":"cac","glottocode":"chuj1250","family":"Mayan","group":"Mayan","country":"Guatemala","adminArea":"Huehuetenango"}},{"type":"Feature","geometry":{"type":"Point","coordinates":[-91.48333333,15.83333333]},"properties":{"name":"San Mateo Ixtatán","language":"Chuj","isoCode":"cac","glottocode":"chuj1250","family":"Mayan","group":"Mayan","country":"Guatemala","adminArea":"Huehuetenango Department"}},{"type":"Feature","geometry":{"type":"Point","coordinates":[-91.62127,15.85759]},"properties":{"name":"Yolcultac","language":"Chuj","isoCode":"cac","glottocode":"chuj1250","family":"Mayan","group":"Mayan","country":"Guatemala","adminArea":"Huehuetenango"}},{"type":"Feature","geometry":{"type":"Point","coordinates":[-97.08833333,18.69944444]},"properties":{"name":"Atlahuilco","language":"Orizaba Nahuatl","isoCode":"nlv","glottocode":"oriz1235","family":"Uto-Aztecan","group":"Nahuan","country":"Mexico","adminArea":"Atlahuilco Municipality"}},{"type":"Feature","geometry":{"type":"Point","coordinates":[-97.06991,18.72998]},"properties":{"name":"Tequila","language":"Orizaba Nahuatl","isoCode":"nlv","glottocode":"oriz1235","family":"Uto-Aztecan","group":"Nahuan","country":"Mexico","adminArea":"Tequila Municipality"}},{"type":"Feature","geometry":{"type":"Point","coordinates":[-97.04555556,18.67305556]},"properties":{"name":"Los Reyes","language":"Orizaba Nahuatl","isoCode":"nlv","glottocode":"oriz1235","family":"Uto-Aztecan","group":"Nahuan","country":"Mexico","adminArea":"Los Reyes"}},{"type":"Feature","geometry":{"type":"Point","coordinates":[-102.33036,21.24893]},"properties":{"name":"San Juan de los Lagos","language":"Orizaba Nahuatl","isoCode":"nlv","glottocode":"oriz1235","family":"Uto-Aztecan","group":"Nahuan","country":"Mexico","adminArea":"San Juan de los Lagos Municipality"}},{"type":"Feature","geometry":{"type":"Point","coordinates":[-97.04025,18.62233]},"properties":{"name":"Texhuacán","language":"Orizaba Nahuatl","isoCode":"nlv","glottocode":"oriz1235","family":"Uto-Aztecan","group":"Nahuan","country":"Mexico","adminArea":"Texhuacán"}},{"type":"Feature","geometry":{"type":"Point","coordinates":[-96.90917,18.7275]},"properties":{"name":"San Francisco Atitla, Veracruz de Ignacio de la Llave, Mexico","language":"Orizaba Nahuatl","isoCode":"nlv","glottocode":"oriz1235","family":"Uto-Aztecan","group":"Nahuan","country":"Mexico","adminArea":"Zongolica Municipality"}},{"type":"Feature","geometry":{"type":"Point","coordinates":[-97.89555556,17.31277778]},"properties":{"name":"Los Tejocotes","language":"Mixtepec Mixtec","isoCode":"mix","glottocode":"mixt1425","family":"Otomanguean","group":"Mixtec","country":"Mexico","adminArea":"San Juan Mixtepec Distrito 08 Municipality"}},{"type":"Feature","geometry":{"type":"Point","coordinates":[-97.65944,17.30556]},"properties":{"name":"El Capulín","language":"Mixtepec Mixtec","isoCode":"mix","glottocode":"mixt1425","family":"Otomanguean","group":"Mixtec","country":"Mexico","adminArea":"Heroica Ciudad de Tlaxiaco Municipality"}},{"type":"Feature","geometry":{"type":"Point","coordinates":[-97.90722,17.34278]},"properties":{"name":"Tinuma de Zaragoza","language":"Mixtepec Mixtec","isoCode":"mix","glottocode":"mixt1425","family":"Otomanguean","group":"Mixtec","country":"Mexico","adminArea":"Santiago Juxtlahuaca Municipality"}},{"type":"Feature","geometry":{"type":"Point","coordinates":[-97.93306,17.33889]},"properties":{"name":"Mesón de Guadalupe Primera Sección","language":"Mixtepec Mixtec","isoCode":"mix","glottocode":"mixt1425","family":"Otomanguean","group":"Mixtec","country":"Mexico","adminArea":"San Juan Mixtepec Distrito 08 Municipality"}},{"type":"Feature","geometry":{"type":"Point","coordinates":[-97.82972222,17.30472222]},"properties":{"name":"San Juan Mixtepec Distrito 08","language":"Mixtepec Mixtec","isoCode":"mix","glottocode":"mixt1425","family":"Otomanguean","group":"Mixtec","country":"Mexico","adminArea":"San Juan Mixtepec Distrito 08 Municipality"}},{"type":"Feature","geometry":{"type":"Point","coordinates":[-91.6051,15.5116]},"properties":{"name":"Todos Santos Cuchumatán","language":"Not recorded","isoCode":"mvc","glottocode":"mamc1234","family":"Unclassified","group":"Unclassified","country":"Guatemala","adminArea":"Huehuetenango Department"}},{"type":"Feature","geometry":{"type":"Point","coordinates":[-91.456761,15.3566902]},"properties":{"name":"Chiantla","language":"Not recorded","isoCode":"mvc","glottocode":"mamc1234","family":"Unclassified","group":"Unclassified","country":"Guatemala","adminArea":"Huehuetenango Department"}},{"type":"Feature","geometry":{"type":"Point","coordinates":[-91.6051,15.5116]},"properties":{"name":"Todos Santos Cuchumatán","language":"Not recorded","isoCode":"mvc","glottocode":"mamc1234","family":"Unclassified","group":"Unclassified","country":"Guatemala","adminArea":"Huehuetenango Department"}},{"type":"Feature","geometry":{"type":"Point","coordinates":[-97.13,18.71861]},"properties":{"name":"Vista Hermosa","language":"Orizaba Nahuatl","isoCode":"nlv","glottocode":"oriz1235","family":"Uto-Aztecan","group":"Nahuan","country":"Mexico","adminArea":"Atlahuilco Municipality"}},{"type":"Feature","geometry":{"type":"Point","coordinates":[-97.13056,18.72639]},"properties":{"name":"Loma Linda","language":"Orizaba Nahuatl","isoCode":"nlv","glottocode":"oriz1235","family":"Uto-Aztecan","group":"Nahuan","country":"Mexico","adminArea":"Atlahuilco Municipality"}},{"type":"Feature","geometry":{"type":"Point","coordinates":[-97.18861111,18.72861111]},"properties":{"name":"Atzompa","language":"Orizaba Nahuatl","isoCode":"nlv","glottocode":"oriz1235","family":"Uto-Aztecan","group":"Nahuan","country":"Mexico","adminArea":"Soledad Atzompa Municipality"}},{"type":"Feature","geometry":{"type":"Point","coordinates":[-97.12972,18.70972]},"properties":{"name":"Atlehuaya","language":"Orizaba Nahuatl","isoCode":"nlv","glottocode":"oriz1235","family":"Uto-Aztecan","group":"Nahuan","country":"Mexico","adminArea":"Atlahuilco Municipality"}},{"type":"Feature","geometry":{"type":"Point","coordinates":[-91.6051,15.5116]},"properties":{"name":"Todos Santos Cuchumatán","language":"Mam, Todos Santos Cuchumatán","isoCode":"mvj","glottocode":"mamm1241","family":"Mayan","group":"Mayan","country":"Guatemala","adminArea":"Huehuetenango Department"}},{"type":"Feature","geometry":{"type":"Point","coordinates":[-91.63333333,15.43333333]},"properties":{"name":"San Juan Atitán","language":"Mam, Todos Santos Cuchumatán","isoCode":"mvj","glottocode":"mamm1241","family":"Mayan","group":"Mayan","country":"Guatemala","adminArea":"Huehuetenango Department"}},{"type":"Feature","geometry":{"type":"Point","coordinates":[-91.61852,15.59688]},"properties":{"name":"Onlaj","language":"Mam, Todos Santos Cuchumatán","isoCode":"mvj","glottocode":"mamm1241","family":"Mayan","group":"Mayan","country":"Guatemala","adminArea":"Huehuetenango"}},{"type":"Feature","geometry":{"type":"Point","coordinates":[-91.61852,15.59688]},"properties":{"name":"Onlaj","language":"Mam, Todos Santos Cuchumatán","isoCode":"mvj","glottocode":"mamm1241","family":"Mayan","group":"Mayan","country":"Guatemala","adminArea":"Huehuetenango"}},{"type":"Feature","geometry":{"type":"Point","coordinates":[-91.63333333,15.43333333]},"properties":{"name":"San Juan Atitán","language":"Mam, Todos Santos Cuchumatán","isoCode":"mvj","glottocode":"mamm1241","family":"Mayan","group":"Mayan","country":"Guatemala","adminArea":"Huehuetenango Department"}},{"type":"Feature","geometry":{"type":"Point","coordinates":[-91.6051,15.5116]},"properties":{"name":"Todos Santos Cuchumatán","language":"Mam, Todos Santos Cuchumatán","isoCode":"mvj","glottocode":"mamm1241","family":"Mayan","group":"Mayan","country":"Guatemala","adminArea":"Huehuetenango Department"}},{"type":"Feature","geometry":{"type":"Point","coordinates":[-91.58333333,15.38333333]},"properties":{"name":"San Sebastián Huehuetenango","language":"Mam, Todos Santos Cuchumatán","isoCode":"mvj","glottocode":"mamm1241","family":"Mayan","group":"Mayan","country":"Guatemala","adminArea":"Huehuetenango Department"}},{"type":"Feature","geometry":{"type":"Point","coordinates":[-98.00277778,16.94194444]},"properties":{"name":"Santa María de la Lima","language":"Chayuco Mixtec","isoCode":"mih","glottocode":"chay1249","family":"Otomanguean","group":"Mixtec","country":"Mexico","adminArea":"Mesones Hidalgo Municipality"}},{"type":"Feature","geometry":{"type":"Point","coordinates":[-97.92704,17.02376]},"properties":{"name":"Putla Villa de Guerrero","language":"Chayuco Mixtec","isoCode":"mih","glottocode":"chay1249","family":"Otomanguean","group":"Mixtec","country":"Mexico","adminArea":"Putla Villa de Guerrero Municipality"}},{"type":"Feature","geometry":{"type":"Point","coordinates":[-98.17167,16.89194]},"properties":{"name":"Guadalupe Mano de León","language":"Chayuco Mixtec","isoCode":"mih","glottocode":"chay1249","family":"Otomanguean","group":"Mixtec","country":"Mexico","adminArea":"Tlacoachistlahuaca Municipality"}},{"type":"Feature","geometry":{"type":"Point","coordinates":[-98.04666667,16.91277778]},"properties":{"name":"San José de las Flores, Oaxaca, Mexico","language":"Chayuco Mixtec","isoCode":"mih","glottocode":"chay1249","family":"Otomanguean","group":"Mixtec","country":"Mexico","adminArea":"Mesones Hidalgo Municipality"}},{"type":"Feature","geometry":{"type":"Point","coordinates":[-91.6051,15.5116]},"properties":{"name":"Todos Santos Cuchumatán","language":"Mam, Todos Santos Cuchumatán","isoCode":"mvj","glottocode":"mamm1241","family":"Mayan","group":"Mayan","country":"Guatemala","adminArea":"Huehuetenango Department"}},{"type":"Feature","geometry":{"type":"Point","coordinates":[-91.63333333,15.43333333]},"properties":{"name":"San Juan Atitán","language":"Mam, Todos Santos Cuchumatán","isoCode":"mvj","glottocode":"mamm1241","family":"Mayan","group":"Mayan","country":"Guatemala","adminArea":"Huehuetenango Department"}},{"type":"Feature","geometry":{"type":"Point","coordinates":[-91.58333333,15.38333333]},"properties":{"name":"San Sebastián Huehuetenango","language":"Mam, Todos Santos Cuchumatán","isoCode":"mvj","glottocode":"mamm1241","family":"Mayan","group":"Mayan","country":"Guatemala","adminArea":"Huehuetenango Department"}},{"type":"Feature","geometry":{"type":"Point","coordinates":[-91.6051,15.5116]},"properties":{"name":"Todos Santos Cuchumatán","language":"Mam, Todos Santos Cuchumatán","isoCode":"mvj","glottocode":"mamm1241","family":"Mayan","group":"Mayan","country":"Guatemala","adminArea":"Huehuetenango Department"}},{"type":"Feature","geometry":{"type":"Point","coordinates":[-96.825,17.07083333]},"properties":{"name":"San Andrés Ixtlahuaca","language":"Tlazoyaltepec Mixtec","isoCode":"mqh","glottocode":"tlaz1235","family":"Otomanguean","group":"Mixtec","country":"Mexico","adminArea":"San Andrés Ixtlahuaca Municipality"}},{"type":"Feature","geometry":{"type":"Point","coordinates":[-91.47611111,15.31472222]},"properties":{"name":"Huehuetenango","language":"Akateko","isoCode":"knj","glottocode":"west2635","family":"Mayan","group":"Mayan","country":"Guatemala","adminArea":"Huehuetenango Department"}},{"type":"Feature","geometry":{"type":"Point","coordinates":[-91.5154,15.74059]},"properties":{"name":"Chemalito","language":"Akateko","isoCode":"knj","glottocode":"west2635","family":"Mayan","group":"Mayan","country":"Guatemala","adminArea":"Huehuetenango"}},{"type":"Feature","geometry":{"type":"Point","coordinates":[-114.5,29.53333333]},"properties":{"name":"San Quintín Municipality","language":"Mexican Sign Language","isoCode":"mfs","glottocode":"mexi1237","family":"Sign Language","group":"Sign Language","country":"Mexico","adminArea":"Baja California"}},{"type":"Feature","geometry":{"type":"Point","coordinates":[-101.64889,19.64583]},"properties":{"name":"San José Oponguio","language":"Purepecha","isoCode":"tsz","glottocode":"pure1242","family":"Purépecha","group":"Purépecha","country":"Mexico","adminArea":"Erongarícuaro Municipality"}},{"type":"Feature","geometry":{"type":"Point","coordinates":[-101.67388889,19.60222222]},"properties":{"name":"Puácuaro","language":"Purepecha","isoCode":"tsz","glottocode":"pure1242","family":"Purépecha","group":"Purépecha","country":"Mexico","adminArea":"Erongarícuaro Municipality"}},{"type":"Feature","geometry":{"type":"Point","coordinates":[-105.6674,26.9284]},"properties":{"name":"Hidalgo del Parral","language":"Southeastern Rarámuri","isoCode":"tcu","glottocode":"sout2972","family":"Uto-Aztecan","group":"Tarahumara","country":"Mexico","adminArea":"Hidalgo del Parral Municipality"}},{"type":"Feature","geometry":{"type":"Point","coordinates":[-102.40888889,19.06777778]},"properties":{"name":"Presa del Rosario","language":"Not recorded","isoCode":"spa","glottocode":"mexi1248","family":"Unclassified","group":"Unclassified","country":"Mexico","adminArea":"Apatzingán Municipality"}},{"type":"Feature","geometry":{"type":"Point","coordinates":[-102.35083333,19.08861111]},"properties":{"name":"Apatzingán de la Constitución","language":"Not recorded","isoCode":"spa","glottocode":"mexi1248","family":"Unclassified","group":"Unclassified","country":"Mexico","adminArea":"Apatzingán Municipality"}},{"type":"Feature","geometry":{"type":"Point","coordinates":[-90.36164,15.41848]},"properties":{"name":"Santa Eloisa","language":"Q'anjob'al","isoCode":"kjb","glottocode":"qanj1241","family":"Mayan","group":"Mayan","country":"Guatemala","adminArea":"Alta Verapaz"}},{"type":"Feature","geometry":{"type":"Point","coordinates":[-91.37677,15.59056]},"properties":{"name":"Sachán","language":"Q'anjob'al","isoCode":"kjb","glottocode":"qanj1241","family":"Mayan","group":"Mayan","country":"Guatemala","adminArea":"Huehuetenango"}},{"type":"Feature","geometry":{"type":"Point","coordinates":[-90.36164,15.41848]},"properties":{"name":"Santa Eloisa","language":"Q'anjob'al","isoCode":"kjb","glottocode":"qanj1241","family":"Mayan","group":"Mayan","country":"Guatemala","adminArea":"Alta Verapaz"}},{"type":"Feature","geometry":{"type":"Point","coordinates":[-91.55608,14.93186]},"properties":{"name":"Xeaj","language":"Not recorded","isoCode":"kjb; mam:mms; spa; kek","glottocode":"qanj1241; mams1234; cent2388; kekc1242","family":"Unclassified","group":"Unclassified","country":"Guatemala","adminArea":"Quetzaltenango"}},{"type":"Feature","geometry":{"type":"Point","coordinates":[-91.79472,14.63877]},"properties":{"name":"Labor Nueva Candelaria","language":"Not recorded","isoCode":"kjb; mam:mms; spa; kek","glottocode":"qanj1241; mams1234; cent2388; kekc1242","family":"Unclassified","group":"Unclassified","country":"Guatemala","adminArea":"Quetzaltenango"}},{"type":"Feature","geometry":{"type":"Point","coordinates":[-91.3736,15.21755]},"properties":{"name":"Las Cruces","language":"Not recorded","isoCode":"kjb; mam:mms; spa; kek","glottocode":"qanj1241; mams1234; cent2388; kekc1242","family":"Unclassified","group":"Unclassified","country":"Guatemala","adminArea":"Huehuetenango"}},{"type":"Feature","geometry":{"type":"Point","coordinates":[-91.4586,15.7333]},"properties":{"name":"Santa Eulalia","language":"Q'anjob'al","isoCode":"kjb","glottocode":"qanj1241","family":"Mayan","group":"Mayan","country":"Guatemala","adminArea":"Huehuetenango Department"}},{"type":"Feature","geometry":{"type":"Point","coordinates":[-91.45,15.71666667]},"properties":{"name":"San Pedro Soloma","language":"Q'anjob'al","isoCode":"kjb","glottocode":"qanj1241","family":"Mayan","group":"Mayan","country":"Guatemala","adminArea":"Huehuetenango Department"}},{"type":"Feature","geometry":{"type":"Point","coordinates":[-91.61666667,15.7]},"properties":{"name":"San Miguel Acatán","language":"Q'anjob'al","isoCode":"kjb","glottocode":"qanj1241","family":"Mayan","group":"Mayan","country":"Guatemala","adminArea":"Huehuetenango Department"}},{"type":"Feature","geometry":{"type":"Point","coordinates":[-91.71393,15.50681]},"properties":{"name":"La Florida","language":"Q'anjob'al","isoCode":"kjb","glottocode":"qanj1241","family":"Mayan","group":"Mayan","country":"Guatemala","adminArea":"Huehuetenango"}},{"type":"Feature","geometry":{"type":"Point","coordinates":[-91.48333333,14.78333333]},"properties":{"name":"Zunil","language":"K'iche'","isoCode":"quc","glottocode":"kich1262","family":"Mayan","group":"Mayan","country":"Guatemala","adminArea":"Zunil"}},{"type":"Feature","geometry":{"type":"Point","coordinates":[-91.5,14.81666667]},"properties":{"name":"Almolonga","language":"K'iche'","isoCode":"quc","glottocode":"kich1262","family":"Mayan","group":"Mayan","country":"Guatemala","adminArea":"Almolonga"}},{"type":"Feature","geometry":{"type":"Point","coordinates":[-98.06194444,17.28888889]},"properties":{"name":"Santa cantarina, Oaxaca, Mexico","language":"Cuyamecalco Mixtec","isoCode":"xtu","glottocode":"cuya1240","family":"Otomanguean","group":"Mixtec","country":"Mexico","adminArea":"Santiago Juxtlahuaca Municipality"}},{"type":"Feature","geometry":{"type":"Point","coordinates":[-91.48333333,14.78333333]},"properties":{"name":"Zunil","language":"K'iche'","isoCode":"quc","glottocode":"kich1262","family":"Mayan","group":"Mayan","country":"Guatemala","adminArea":"Zunil"}},{"type":"Feature","geometry":{"type":"Point","coordinates":[-91.45551111,14.81122222]},"properties":{"name":"Cantel","language":"K'iche'","isoCode":"quc","glottocode":"kich1262","family":"Mayan","group":"Mayan","country":"Guatemala","adminArea":"Quetzaltenango Department"}},{"type":"Feature","geometry":{"type":"Point","coordinates":[-91.5,14.81666667]},"properties":{"name":"Almolonga","language":"K'iche'","isoCode":"quc","glottocode":"kich1262","family":"Mayan","group":"Mayan","country":"Guatemala","adminArea":"Almolonga"}},{"type":"Feature","geometry":{"type":"Point","coordinates":[-91.48333333,14.78333333]},"properties":{"name":"Zunil","language":"K'iche'","isoCode":"quc","glottocode":"kich1262","family":"Mayan","group":"Mayan","country":"Guatemala","adminArea":"Zunil"}},{"type":"Feature","geometry":{"type":"Point","coordinates":[-91.5,14.81666667]},"properties":{"name":"Almolonga","language":"K'iche'","isoCode":"quc","glottocode":"kich1262","family":"Mayan","group":"Mayan","country":"Guatemala","adminArea":"Almolonga"}},{"type":"Feature","geometry":{"type":"Point","coordinates":[-91.48333333,14.78333333]},"properties":{"name":"Zunil","language":"K'iche'","isoCode":"quc","glottocode":"kich1262","family":"Mayan","group":"Mayan","country":"Guatemala","adminArea":"Zunil"}},{"type":"Feature","geometry":{"type":"Point","coordinates":[-91.45551111,14.81122222]},"properties":{"name":"Cantel","language":"K'iche'","isoCode":"quc","glottocode":"kich1262","family":"Mayan","group":"Mayan","country":"Guatemala","adminArea":"Quetzaltenango Department"}},{"type":"Feature","geometry":{"type":"Point","coordinates":[-91.51666667,14.83333333]},"properties":{"name":"Quetzaltenango","language":"K'iche'","isoCode":"quc","glottocode":"kich1262","family":"Mayan","group":"Mayan","country":"Guatemala","adminArea":"Quetzaltenango Department"}},{"type":"Feature","geometry":{"type":"Point","coordinates":[-91.5,14.81666667]},"properties":{"name":"Almolonga","language":"K'iche'","isoCode":"quc","glottocode":"kich1262","family":"Mayan","group":"Mayan","country":"Guatemala","adminArea":"Almolonga"}},{"type":"Feature","geometry":{"type":"Point","coordinates":[-91.51666667,14.83333333]},"properties":{"name":"Quetzaltenango","language":"K'iche'","isoCode":"quc","glottocode":"kich1262","family":"Mayan","group":"Mayan","country":"Guatemala","adminArea":"Quetzaltenango Department"}},{"type":"Feature","geometry":{"type":"Point","coordinates":[-91.5,14.81666667]},"properties":{"name":"Almolonga","language":"K'iche'","isoCode":"quc","glottocode":"kich1262","family":"Mayan","group":"Mayan","country":"Guatemala","adminArea":"Almolonga"}},{"type":"Feature","geometry":{"type":"Point","coordinates":[-91.48333333,14.78333333]},"properties":{"name":"Zunil","language":"Not recorded","isoCode":"spa; quc","glottocode":"cent2388; kich1262","family":"Unclassified","group":"Unclassified","country":"Guatemala","adminArea":"Zunil"}},{"type":"Feature","geometry":{"type":"Point","coordinates":[-91.5,14.81666667]},"properties":{"name":"Almolonga","language":"Not recorded","isoCode":"spa; quc","glottocode":"cent2388; kich1262","family":"Unclassified","group":"Unclassified","country":"Guatemala","adminArea":"Almolonga"}},{"type":"Feature","geometry":{"type":"Point","coordinates":[-96.45889,15.98167]},"properties":{"name":"Los Naranjos Esquipulas","language":"Ozolotepec Zapotec","isoCode":"zao","glottocode":"ozol1235","family":"Otomanguean","group":"Zapotec","country":"Mexico","adminArea":"San Pedro Pochutla"}},{"type":"Feature","geometry":{"type":"Point","coordinates":[-96.48,16.01611]},"properties":{"name":"Cerro de las Nubes","language":"Ozolotepec Zapotec","isoCode":"zao","glottocode":"ozol1235","family":"Otomanguean","group":"Zapotec","country":"Mexico","adminArea":"San Pedro El Alto Municipality"}},{"type":"Feature","geometry":{"type":"Point","coordinates":[-96.48809,16.00297]},"properties":{"name":"Malvarisco","language":"Ozolotepec Zapotec","isoCode":"zao","glottocode":"ozol1235","family":"Otomanguean","group":"Zapotec","country":"Mexico","adminArea":"San Pedro El Alto Municipality"}},{"type":"Feature","geometry":{"type":"Point","coordinates":[-96.46833333,16.01777778]},"properties":{"name":"El Potrero Jazmín, San Pedro El Alto, Oaxaca, Mexico","language":"Ozolotepec Zapotec","isoCode":"zao","glottocode":"ozol1235","family":"Otomanguean","group":"Zapotec","country":"Mexico","adminArea":"San Pedro El Alto Municipality"}},{"type":"Feature","geometry":{"type":"Point","coordinates":[-96.47388889,16.03166667]},"properties":{"name":"San Pedro el Alto","language":"Ozolotepec Zapotec","isoCode":"zao","glottocode":"ozol1235","family":"Otomanguean","group":"Zapotec","country":"Mexico","adminArea":"Oaxaca"}},{"type":"Feature","geometry":{"type":"Point","coordinates":[-97.88083,17.22806]},"properties":{"name":"San Martín Itunyoso","language":"Mixtepec Mixtec","isoCode":"mix","glottocode":"mixt1425","family":"Otomanguean","group":"Mixtec","country":"Mexico","adminArea":"San Martín Itunyoso Municipality"}},{"type":"Feature","geometry":{"type":"Point","coordinates":[-98.03117389,17.34585639]},"properties":{"name":"San Sebastián Tecomaxtlahuaca","language":"Mixtepec Mixtec","isoCode":"mix","glottocode":"mixt1425","family":"Otomanguean","group":"Mixtec","country":"Mexico","adminArea":"San Sebastián Tecomaxtlahuaca Municipality"}},{"type":"Feature","geometry":{"type":"Point","coordinates":[-98.13417,17.2975]},"properties":{"name":"Guadalupe Nundaca","language":"Mixtepec Mixtec","isoCode":"mix","glottocode":"mixt1425","family":"Otomanguean","group":"Mixtec","country":"Mexico","adminArea":"San Sebastián Tecomaxtlahuaca Municipality"}},{"type":"Feature","geometry":{"type":"Point","coordinates":[-97.85167,17.09803]},"properties":{"name":"San Marcos, Oaxaca, Mexico","language":"Mixtepec Mixtec","isoCode":"mix","glottocode":"mixt1425","family":"Otomanguean","group":"Mixtec","country":"Mexico","adminArea":"Putla Villa de Guerrero Municipality"}},{"type":"Feature","geometry":{"type":"Point","coordinates":[-102.40944444,19.86444444]},"properties":{"name":"La Cantera","language":"Western Highland Purepecha","isoCode":"pua","glottocode":"west2631","family":"Purépecha","group":"Purépecha","country":"Mexico","adminArea":"Tangamandapio Municipality"}},{"type":"Feature","geometry":{"type":"Point","coordinates":[-102.465,19.84305555]},"properties":{"name":"Tarecuato","language":"Western Highland Purepecha","isoCode":"pua","glottocode":"west2631","family":"Purépecha","group":"Purépecha","country":"Mexico","adminArea":"Tangamandapio Municipality"}},{"type":"Feature","geometry":{"type":"Point","coordinates":[-96.84585,16.38898]},"properties":{"name":"San Vicente Coatlán","language":"Not recorded","isoCode":"zpt, spa","glottocode":"sanv1242","family":"Unclassified","group":"Unclassified","country":"Mexico","adminArea":"San Vicente Coatlán Municipality"}},{"type":"Feature","geometry":{"type":"Point","coordinates":[-96.47916667,16.95416667]},"properties":{"name":"Tlacolula de Matamoros","language":"Western Tlacolula Valley Zapotec","isoCode":"zab","glottocode":"sanj1284","family":"Otomanguean","group":"Zapotec","country":"Mexico","adminArea":"Tlacolula de Matamoros Municipality"}},{"type":"Feature","geometry":{"type":"Point","coordinates":[-97.14996,18.26682]},"properties":{"name":"Coxcatlán","language":"Not recorded","isoCode":"nsu, spa","glottocode":"sier1248","family":"Unclassified","group":"Unclassified","country":"Mexico","adminArea":"Coxcatlán Municipality"}},{"type":"Feature","geometry":{"type":"Point","coordinates":[-97.39416667,18.46277778]},"properties":{"name":"Tehuacán","language":"Not recorded","isoCode":"nsu, spa","glottocode":"sier1248","family":"Unclassified","group":"Unclassified","country":"Mexico","adminArea":"Tehuacán Municipality"}},{"type":"Feature","geometry":{"type":"Point","coordinates":[-97.39416667,18.46277778]},"properties":{"name":"Tehuacán","language":"Not recorded","isoCode":"nsu, spa","glottocode":"sier1248","family":"Unclassified","group":"Unclassified","country":"Mexico","adminArea":"Tehuacán Municipality"}},{"type":"Feature","geometry":{"type":"Point","coordinates":[-92.66111,17.15194]},"properties":{"name":"Francisco Villa","language":"Chol","isoCode":"ctu","glottocode":"chol1282","family":"Mayan","group":"Mayan","country":"Mexico","adminArea":"Huitiupán Municipality"}},{"type":"Feature","geometry":{"type":"Point","coordinates":[-92.68593194,17.17323167]},"properties":{"name":"Huitiupán","language":"Chol","isoCode":"ctu","glottocode":"chol1282","family":"Mayan","group":"Mayan","country":"Mexico","adminArea":"Huitiupán Municipality"}},{"type":"Feature","geometry":{"type":"Point","coordinates":[-96.72222222,15.81222222]},"properties":{"name":"San Francisco Cozoaltepec","language":"Loxicha Zapotec","isoCode":"ztp","glottocode":"loxi1235","family":"Otomanguean","group":"Zapotec","country":"Mexico","adminArea":"Santa María Tonameca Municipality"}},{"type":"Feature","geometry":{"type":"Point","coordinates":[-96.66807639,15.83300444]},"properties":{"name":"Santo Domingo de Morelos","language":"Loxicha Zapotec","isoCode":"ztp","glottocode":"loxi1235","family":"Otomanguean","group":"Zapotec","country":"Mexico","adminArea":"Santo Domingo de Morelos Municipality"}},{"type":"Feature","geometry":{"type":"Point","coordinates":[-96.46664,15.74757]},"properties":{"name":"San Pedro Pochutla","language":"Loxicha Zapotec","isoCode":"ztp","glottocode":"loxi1235","family":"Otomanguean","group":"Zapotec","country":"Mexico","adminArea":"San Pedro Pochutla Municipality"}},{"type":"Feature","geometry":{"type":"Point","coordinates":[-96.69138889,15.89944444]},"properties":{"name":"Santa María Magdalena, San Agustín loxicha, Oaxaca, Mexico","language":"Loxicha Zapotec","isoCode":"ztp","glottocode":"loxi1235","family":"Otomanguean","group":"Zapotec","country":"Mexico","adminArea":"San Agustín Loxicha Municipality"}},{"type":"Feature","geometry":{"type":"Point","coordinates":[-96.61667,16.01655]},"properties":{"name":"San Agustín Loxicha","language":"Loxicha Zapotec","isoCode":"ztp","glottocode":"loxi1235","family":"Otomanguean","group":"Zapotec","country":"Mexico","adminArea":"San Agustín Loxicha Municipality"}},{"type":"Feature","geometry":{"type":"Point","coordinates":[-98.05027778,17.24388889]},"properties":{"name":"Santa Catarina Noltepec","language":"Juxtlahuaca Mixtec","isoCode":"vmc","glottocode":"juxt1235","family":"Otomanguean","group":"Mixtec","country":"Mexico","adminArea":"Santiago Juxtlahuaca Municipality"}},{"type":"Feature","geometry":{"type":"Point","coordinates":[-98.01056,17.26806]},"properties":{"name":"Santiago Naranjas","language":"Juxtlahuaca Mixtec","isoCode":"vmc","glottocode":"juxt1235","family":"Otomanguean","group":"Mixtec","country":"Mexico","adminArea":"Santiago Juxtlahuaca Municipality"}},{"type":"Feature","geometry":{"type":"Point","coordinates":[-98.05027778,17.24388889]},"properties":{"name":"San Miguel Cuevas, Oaxaca, Mexico","language":"Juxtlahuaca Mixtec","isoCode":"vmc","glottocode":"juxt1235","family":"Otomanguean","group":"Mixtec","country":"Mexico","adminArea":"Santiago Juxtlahuaca Municipality"}},{"type":"Feature","geometry":{"type":"Point","coordinates":[-91.42994,15.65841]},"properties":{"name":"Soloma","language":"Q'anjob'al","isoCode":"kjb","glottocode":"qanj1241","family":"Mayan","group":"Mayan","country":"Guatemala","adminArea":"Huehuetenango"}},{"type":"Feature","geometry":{"type":"Point","coordinates":[-91.31583,15.80361]},"properties":{"name":"Barillas","language":"Q'anjob'al","isoCode":"kjb","glottocode":"qanj1241","family":"Mayan","group":"Mayan","country":"Guatemala","adminArea":"Huehuetenango"}},{"type":"Feature","geometry":{"type":"Point","coordinates":[-97.88083,17.22806]},"properties":{"name":"San Martín Itunyoso","language":"San Martín Itunyoso Triqui","isoCode":"trq","glottocode":"sanm1298","family":"Otomanguean","group":"Triqui","country":"Mexico","adminArea":"San Martín Itunyoso Municipality"}},{"type":"Feature","geometry":{"type":"Point","coordinates":[-102.35083333,19.08861111]},"properties":{"name":"Apatzingán de la Constitución","language":"Not recorded","isoCode":"spa","glottocode":"amer1254","family":"Unclassified","group":"Unclassified","country":"Mexico","adminArea":"Apatzingán Municipality"}},{"type":"Feature","geometry":{"type":"Point","coordinates":[-96.39823,18.06149]},"properties":{"name":"San Lucas Ojitlán","language":"Valle Nacional Chinantec","isoCode":"cvn","glottocode":"vall1253","family":"Otomanguean","group":"Chinantec","country":"Mexico","adminArea":"San Lucas Ojitlán Municipality"}},{"type":"Feature","geometry":{"type":"Point","coordinates":[-100.82758306,19.86027472]},"properties":{"name":"Zinapécuaro de Figueroa","language":"Purepecha","isoCode":"tsz","glottocode":"pure1242","family":"Purépecha","group":"Purépecha","country":"Mexico","adminArea":"Zinapécuaro Municipality"}},{"type":"Feature","geometry":{"type":"Point","coordinates":[-91.58333333,15.38333333]},"properties":{"name":"San Sebastián Huehuetenango","language":"Not recorded","isoCode":"mam: mvj","glottocode":"mamm1241: mamt1235","family":"Unclassified","group":"Unclassified","country":"Guatemala","adminArea":"Huehuetenango Department"}},{"type":"Feature","geometry":{"type":"Point","coordinates":[-91.61666667,15.31666667]},"properties":{"name":"Malacatancito","language":"Not recorded","isoCode":"mam: mvj","glottocode":"mamm1241: mamt1235","family":"Unclassified","group":"Unclassified","country":"Guatemala","adminArea":"Huehuetenango Department"}},{"type":"Feature","geometry":{"type":"Point","coordinates":[-91.5,14.81666667]},"properties":{"name":"Almolonga","language":"K'iche'","isoCode":"quc","glottocode":"kich1262","family":"Mayan","group":"Mayan","country":"Guatemala","adminArea":"Almolonga"}},{"type":"Feature","geometry":{"type":"Point","coordinates":[-91.5,14.81666667]},"properties":{"name":"Almolonga","language":"K'iche'","isoCode":"quc","glottocode":"kich1262","family":"Mayan","group":"Mayan","country":"Guatemala","adminArea":"Almolonga"}},{"type":"Feature","geometry":{"type":"Point","coordinates":[-91.48333333,14.78333333]},"properties":{"name":"Zunil","language":"K'iche'","isoCode":"quc","glottocode":"kich1262","family":"Mayan","group":"Mayan","country":"Guatemala","adminArea":"Zunil"}},{"type":"Feature","geometry":{"type":"Point","coordinates":[-91.5,14.81666667]},"properties":{"name":"Almolonga","language":"K'iche'","isoCode":"quc","glottocode":"kich1262","family":"Mayan","group":"Mayan","country":"Guatemala","adminArea":"Almolonga"}},{"type":"Feature","geometry":{"type":"Point","coordinates":[-91.5,14.81666667]},"properties":{"name":"Almolonga","language":"K'iche'","isoCode":"quc","glottocode":"kich1262","family":"Mayan","group":"Mayan","country":"Guatemala","adminArea":"Almolonga"}},{"type":"Feature","geometry":{"type":"Point","coordinates":[-91.51666667,14.83333333]},"properties":{"name":"Quetzaltenango","language":"K'iche'","isoCode":"quc","glottocode":"kich1262","family":"Mayan","group":"Mayan","country":"Guatemala","adminArea":"Quetzaltenango Department"}},{"type":"Feature","geometry":{"type":"Point","coordinates":[-96.70583,16.80722]},"properties":{"name":"San Sebastián Ocotlán","language":"Ocotlán Zapotec","isoCode":"zac","glottocode":"ocot1244","family":"Otomanguean","group":"Zapotec","country":"Mexico","adminArea":"Santiago Apóstol Municipality"}},{"type":"Feature","geometry":{"type":"Point","coordinates":[-96.72138889,16.76194444]},"properties":{"name":"Asunción Ocotlán","language":"Ocotlán Zapotec","isoCode":"zac","glottocode":"ocot1244","family":"Otomanguean","group":"Zapotec","country":"Mexico","adminArea":"Asunción Ocotlán Municipality"}},{"type":"Feature","geometry":{"type":"Point","coordinates":[-96.72241389,16.80426305]},"properties":{"name":"Santiago Apóstol","language":"Ocotlán Zapotec","isoCode":"zac","glottocode":"ocot1244","family":"Otomanguean","group":"Zapotec","country":"Mexico","adminArea":"Santiago Apóstol Municipality"}},{"type":"Feature","geometry":{"type":"Point","coordinates":[-96.72593889,16.83787528]},"properties":{"name":"Santa Ana Zegache","language":"Ocotlán Zapotec","isoCode":"zac","glottocode":"ocot1244","family":"Otomanguean","group":"Zapotec","country":"Mexico","adminArea":"Santa Ana Zegache Municipality"}},{"type":"Feature","geometry":{"type":"Point","coordinates":[-96.72138889,16.76194444]},"properties":{"name":"Asunción Ocotlán","language":"Ocotlán Zapotec","isoCode":"zac","glottocode":"ocot1244","family":"Otomanguean","group":"Zapotec","country":"Mexico","adminArea":"Asunción Ocotlán Municipality"}},{"type":"Feature","geometry":{"type":"Point","coordinates":[-96.7588,16.806]},"properties":{"name":"Santa Inés Yatzeche Municipality","language":"Ocotlán Zapotec","isoCode":"zac","glottocode":"ocot1244","family":"Otomanguean","group":"Zapotec","country":"Mexico","adminArea":"Oaxaca"}},{"type":"Feature","geometry":{"type":"Point","coordinates":[-96.72241389,16.80426305]},"properties":{"name":"Santiago Apóstol","language":"Ocotlán Zapotec","isoCode":"zac","glottocode":"ocot1244","family":"Otomanguean","group":"Zapotec","country":"Mexico","adminArea":"Santiago Apóstol Municipality"}},{"type":"Feature","geometry":{"type":"Point","coordinates":[-97.05861,18.59111]},"properties":{"name":"Acatitla","language":"Orizaba Nahuatl","isoCode":"nlv","glottocode":"oriz1235","family":"Uto-Aztecan","group":"Nahuan","country":"Mexico","adminArea":"Tlaquilpa"}},{"type":"Feature","geometry":{"type":"Point","coordinates":[-97.11167,18.54861]},"properties":{"name":"Acuayucan","language":"Orizaba Nahuatl","isoCode":"nlv","glottocode":"oriz1235","family":"Uto-Aztecan","group":"Nahuan","country":"Mexico","adminArea":"Astacinga Municipality"}},{"type":"Feature","geometry":{"type":"Point","coordinates":[-97.15222,18.48417]},"properties":{"name":"Telpatlán","language":"Orizaba Nahuatl","isoCode":"nlv","glottocode":"oriz1235","family":"Uto-Aztecan","group":"Nahuan","country":"Mexico","adminArea":"Vicente Guerrero Municipality"}},{"type":"Feature","geometry":{"type":"Point","coordinates":[-97.11888889,18.61222222]},"properties":{"name":"Tlaquilpa","language":"Orizaba Nahuatl","isoCode":"nlv","glottocode":"oriz1235","family":"Uto-Aztecan","group":"Nahuan","country":"Mexico","adminArea":"Tlaquilpa"}},{"type":"Feature","geometry":{"type":"Point","coordinates":[-97.1025,18.56916667]},"properties":{"name":"Astacinga","language":"Orizaba Nahuatl","isoCode":"nlv","glottocode":"oriz1235","family":"Uto-Aztecan","group":"Nahuan","country":"Mexico","adminArea":"Astacinga Municipality"}},{"type":"Feature","geometry":{"type":"Point","coordinates":[-96.70583,16.80722]},"properties":{"name":"San Sebastián Ocotlán","language":"Ocotlán Zapotec","isoCode":"zac","glottocode":"ocot1244","family":"Otomanguean","group":"Zapotec","country":"Mexico","adminArea":"Santiago Apóstol Municipality"}},{"type":"Feature","geometry":{"type":"Point","coordinates":[-96.68388889,16.80305556]},"properties":{"name":"San Antonino Castillo Velasco","language":"Ocotlán Zapotec","isoCode":"zac","glottocode":"ocot1244","family":"Otomanguean","group":"Zapotec","country":"Mexico","adminArea":"San Antonino Castillo Velasco Municipality"}},{"type":"Feature","geometry":{"type":"Point","coordinates":[-96.72138889,16.76194444]},"properties":{"name":"Asunción Ocotlán","language":"Ocotlán Zapotec","isoCode":"zac","glottocode":"ocot1244","family":"Otomanguean","group":"Zapotec","country":"Mexico","adminArea":"Asunción Ocotlán Municipality"}},{"type":"Feature","geometry":{"type":"Point","coordinates":[-96.72241389,16.80426305]},"properties":{"name":"Santiago Apóstol","language":"Ocotlán Zapotec","isoCode":"zac","glottocode":"ocot1244","family":"Otomanguean","group":"Zapotec","country":"Mexico","adminArea":"Santiago Apóstol Municipality"}},{"type":"Feature","geometry":{"type":"Point","coordinates":[-91.15676,14.74185]},"properties":{"name":"Panajachel","language":"K'iche'","isoCode":"quc","glottocode":"kich1262","family":"Mayan","group":"Mayan","country":"Guatemala","adminArea":"Panajachel"}},{"type":"Feature","geometry":{"type":"Point","coordinates":[-91.51666667,14.83333333]},"properties":{"name":"Quetzaltenango","language":"K'iche'","isoCode":"quc","glottocode":"kich1262","family":"Mayan","group":"Mayan","country":"Guatemala","adminArea":"Quetzaltenango Department"}},{"type":"Feature","geometry":{"type":"Point","coordinates":[-91.15,14.73333]},"properties":{"name":"Barrio Jucanya","language":"K'iche'","isoCode":"quc","glottocode":"kich1262","family":"Mayan","group":"Mayan","country":"Guatemala","adminArea":"Sololá Department"}},{"type":"Feature","geometry":{"type":"Point","coordinates":[-91.63333333,15.43333333]},"properties":{"name":"San Juan Atitán","language":"Not recorded","isoCode":"mam: mvj","glottocode":"mamm1241: mamt1235","family":"Unclassified","group":"Unclassified","country":"Guatemala","adminArea":"Huehuetenango Department"}},{"type":"Feature","geometry":{"type":"Point","coordinates":[-91.58333333,15.38333333]},"properties":{"name":"San Sebastián Huehuetenango","language":"Not recorded","isoCode":"mam: mvj","glottocode":"mamm1241: mamt1235","family":"Unclassified","group":"Unclassified","country":"Guatemala","adminArea":"Huehuetenango Department"}},{"type":"Feature","geometry":{"type":"Point","coordinates":[-99.13,17.88277778]},"properties":{"name":"Tlalcozotitlán","language":"Not recorded","isoCode":"ngu, spa","glottocode":"guer1241","family":"Unclassified","group":"Unclassified","country":"Mexico","adminArea":"Copalillo Municipality"}},{"type":"Feature","geometry":{"type":"Point","coordinates":[-91.5,14.81666667]},"properties":{"name":"Almolonga","language":"K'iche'","isoCode":"quc","glottocode":"kich1262","family":"Mayan","group":"Mayan","country":"Guatemala","adminArea":"Almolonga"}},{"type":"Feature","geometry":{"type":"Point","coordinates":[-89.62,20.97]},"properties":{"name":"Mérida","language":"Yucatec Maya","isoCode":"yua","glottocode":"yuca1254","family":"Mayan","group":"Mayan","country":"Mexico","adminArea":"Mérida"}},{"type":"Feature","geometry":{"type":"Point","coordinates":[-89.41833333,20.30277778]},"properties":{"name":"Oxkutzcab","language":"Yucatec Maya","isoCode":"yua","glottocode":"yuca1254","family":"Mayan","group":"Mayan","country":"Mexico","adminArea":"Oxkutzcab"}},{"type":"Feature","geometry":{"type":"Point","coordinates":[-91.51666667,14.83333333]},"properties":{"name":"Quetzaltenango","language":"K'iche'","isoCode":"quc","glottocode":"kich1262","family":"Mayan","group":"Mayan","country":"Guatemala","adminArea":"Quetzaltenango Department"}},{"type":"Feature","geometry":{"type":"Point","coordinates":[-97.61944444,17.04583333]},"properties":{"name":"San Miguel el Grande","language":"Santa María Yosoyúa Mixtec","isoCode":"mig","glottocode":"0","family":"Otomanguean","group":"Mixtec","country":"Mexico","adminArea":"San Miguel el Grande Municipality"}},{"type":"Feature","geometry":{"type":"Point","coordinates":[-97.57722222,16.87361111]},"properties":{"name":"Santiago Yosondúa","language":"Santa María Yosoyúa Mixtec","isoCode":"mig","glottocode":"0","family":"Otomanguean","group":"Mixtec","country":"Mexico","adminArea":"Santiago Yosondúa Municipality"}},{"type":"Feature","geometry":{"type":"Point","coordinates":[-97.57055555,17.0325]},"properties":{"name":"Chalcatongo de Hidalgo","language":"Santa María Yosoyúa Mixtec","isoCode":"mig","glottocode":"0","family":"Otomanguean","group":"Mixtec","country":"Mexico","adminArea":"Chalcatongo de Hidalgo Municipality"}},{"type":"Feature","geometry":{"type":"Point","coordinates":[-91.71177,15.66662]},"properties":{"name":"Jacaltenango","language":"Popti'","isoCode":"jac","glottocode":"popt1235","family":"Mayan","group":"Mayan","country":"Guatemala","adminArea":"Jacaltenango"}},{"type":"Feature","geometry":{"type":"Point","coordinates":[-91.70471,15.67869]},"properties":{"name":"San Marcos Huista","language":"Popti'","isoCode":"jac","glottocode":"popt1235","family":"Mayan","group":"Mayan","country":"Guatemala","adminArea":"Huehuetenango"}},{"type":"Feature","geometry":{"type":"Point","coordinates":[-98.3425,17.36944]},"properties":{"name":"Ixcuinatoyac","language":"Alcozauca Mixtec","isoCode":"xta","glottocode":"alco1235","family":"Otomanguean","group":"Mixtec","country":"Mexico","adminArea":"Alcozauca de Guerrero Municipality"}},{"type":"Feature","geometry":{"type":"Point","coordinates":[-97.7625,17.14444]},"properties":{"name":"Santo Tomás Ocotepec","language":"Alacatlatzala Mixtec","isoCode":"mim","glottocode":"alac1244","family":"Otomanguean","group":"Mixtec","country":"Mexico","adminArea":"Santo Tomás Ocotepec Municipality"}},{"type":"Feature","geometry":{"type":"Point","coordinates":[-97.79806,17.175]},"properties":{"name":"San Miguel Progreso","language":"Alacatlatzala Mixtec","isoCode":"mim","glottocode":"alac1244","family":"Otomanguean","group":"Mixtec","country":"Mexico","adminArea":"Heroica Ciudad de Tlaxiaco Municipality"}},{"type":"Feature","geometry":{"type":"Point","coordinates":[-97.72361111,17.17222222]},"properties":{"name":"Santa Cruz Nundaco","language":"Alacatlatzala Mixtec","isoCode":"mim","glottocode":"alac1244","family":"Otomanguean","group":"Mixtec","country":"Mexico","adminArea":"Santa Cruz Nundaco Municipality"}},{"type":"Feature","geometry":{"type":"Point","coordinates":[-97.79194,17.21583]},"properties":{"name":"Plan de Guadalupe, Oaxaca, Mexico","language":"Alacatlatzala Mixtec","isoCode":"mim","glottocode":"alac1244","family":"Otomanguean","group":"Mixtec","country":"Mexico","adminArea":"Heroica Ciudad de Tlaxiaco Municipality"}},{"type":"Feature","geometry":{"type":"Point","coordinates":[-91.63333333,15.43333333]},"properties":{"name":"San Juan Atitán","language":"Not recorded","isoCode":"mam: mvj","glottocode":"mamm1241: mamt1235","family":"Unclassified","group":"Unclassified","country":"Guatemala","adminArea":"Huehuetenango Department"}},{"type":"Feature","geometry":{"type":"Point","coordinates":[-91.76666667,15.5]},"properties":{"name":"San Pedro Necta","language":"Not recorded","isoCode":"mam: mvj","glottocode":"mamm1241: mamt1235","family":"Unclassified","group":"Unclassified","country":"Guatemala","adminArea":"Huehuetenango Department"}},{"type":"Feature","geometry":{"type":"Point","coordinates":[-91.58333333,15.38333333]},"properties":{"name":"San Sebastián Huehuetenango","language":"Not recorded","isoCode":"mam: mvj","glottocode":"mamm1241: mamt1235","family":"Unclassified","group":"Unclassified","country":"Guatemala","adminArea":"Huehuetenango Department"}},{"type":"Feature","geometry":{"type":"Point","coordinates":[-91.7155659,15.4053531]},"properties":{"name":"Colotenango","language":"Not recorded","isoCode":"mam: mvj","glottocode":"mamm1241: mamt1235","family":"Unclassified","group":"Unclassified","country":"Guatemala","adminArea":"Huehuetenango Department"}},{"type":"Feature","geometry":{"type":"Point","coordinates":[-91.71666667,15.46666667]},"properties":{"name":"Santiago Chimaltenango","language":"Not recorded","isoCode":"mam: mvj","glottocode":"mamm1241: mamt1235","family":"Unclassified","group":"Unclassified","country":"Guatemala","adminArea":"Huehuetenango Department"}},{"type":"Feature","geometry":{"type":"Point","coordinates":[-91.79583333,14.96527778]},"properties":{"name":"San Marcos","language":"Not recorded","isoCode":"mam: mvj","glottocode":"mamm1241: mamt1235","family":"Unclassified","group":"Unclassified","country":"Guatemala","adminArea":"San Marcos Department"}},{"type":"Feature","geometry":{"type":"Point","coordinates":[-97.72361111,17.17222222]},"properties":{"name":"Santa Cruz Nundaco","language":"Alacatlatzala Mixtec","isoCode":"mim","glottocode":"alac1244","family":"Otomanguean","group":"Mixtec","country":"Mexico","adminArea":"Santa Cruz Nundaco Municipality"}},{"type":"Feature","geometry":{"type":"Point","coordinates":[-97.7625,17.14444]},"properties":{"name":"Santo Tomás Ocotepec","language":"Alacatlatzala Mixtec","isoCode":"mim","glottocode":"alac1244","family":"Otomanguean","group":"Mixtec","country":"Mexico","adminArea":"Santo Tomás Ocotepec Municipality"}},{"type":"Feature","geometry":{"type":"Point","coordinates":[-97.79806,17.175]},"properties":{"name":"San Miguel Progreso","language":"Alacatlatzala Mixtec","isoCode":"mim","glottocode":"alac1244","family":"Otomanguean","group":"Mixtec","country":"Mexico","adminArea":"Heroica Ciudad de Tlaxiaco Municipality"}},{"type":"Feature","geometry":{"type":"Point","coordinates":[-97.76944444,17.01805556]},"properties":{"name":"Santa María Yucuhiti","language":"Alacatlatzala Mixtec","isoCode":"mim","glottocode":"alac1244","family":"Otomanguean","group":"Mixtec","country":"Mexico","adminArea":"Santa María Yucuhiti Municipality"}},{"type":"Feature","geometry":{"type":"Point","coordinates":[-97.76653917,17.0151725]},"properties":{"name":"Santiago Nuyoó","language":"Alacatlatzala Mixtec","isoCode":"mim","glottocode":"alac1244","family":"Otomanguean","group":"Mixtec","country":"Mexico","adminArea":"Santiago Nuyoó Municipality"}},{"type":"Feature","geometry":{"type":"Point","coordinates":[-97.79194,17.21583]},"properties":{"name":"Plan de Guadalupe, Oaxaca, Mexico","language":"Alacatlatzala Mixtec","isoCode":"mim","glottocode":"alac1244","family":"Otomanguean","group":"Mixtec","country":"Mexico","adminArea":"Heroica Ciudad de Tlaxiaco Municipality"}},{"type":"Feature","geometry":{"type":"Point","coordinates":[-96.70583,16.80722]},"properties":{"name":"San Sebastián Ocotlán","language":"Ocotlán Zapotec","isoCode":"zac","glottocode":"ocot1244","family":"Otomanguean","group":"Zapotec","country":"Mexico","adminArea":"Santiago Apóstol Municipality"}},{"type":"Feature","geometry":{"type":"Point","coordinates":[-96.72241389,16.80426305]},"properties":{"name":"Santiago Apóstol","language":"Ocotlán Zapotec","isoCode":"zac","glottocode":"ocot1244","family":"Otomanguean","group":"Zapotec","country":"Mexico","adminArea":"Santiago Apóstol Municipality"}},{"type":"Feature","geometry":{"type":"Point","coordinates":[-96.72138889,16.76194444]},"properties":{"name":"Asunción Ocotlán","language":"Ocotlán Zapotec","isoCode":"zac","glottocode":"ocot1244","family":"Otomanguean","group":"Zapotec","country":"Mexico","adminArea":"Asunción Ocotlán Municipality"}},{"type":"Feature","geometry":{"type":"Point","coordinates":[-96.70583,16.80722]},"properties":{"name":"San Sebastián Ocotlán","language":"Ocotlán Zapotec","isoCode":"zac","glottocode":"ocot1244","family":"Otomanguean","group":"Zapotec","country":"Mexico","adminArea":"Santiago Apóstol Municipality"}},{"type":"Feature","geometry":{"type":"Point","coordinates":[-96.72241389,16.80426305]},"properties":{"name":"Santiago Apóstol","language":"Ocotlán Zapotec","isoCode":"zac","glottocode":"ocot1244","family":"Otomanguean","group":"Zapotec","country":"Mexico","adminArea":"Santiago Apóstol Municipality"}},{"type":"Feature","geometry":{"type":"Point","coordinates":[-98.3375,17.375]},"properties":{"name":"Tlahuapa","language":"Not recorded","isoCode":"xta, spa","glottocode":"alco1235, amer1254","family":"Unclassified","group":"Unclassified","country":"Mexico","adminArea":"Alcozauca de Guerrero Municipality"}},{"type":"Feature","geometry":{"type":"Point","coordinates":[-98.35499,17.36304]},"properties":{"name":"Altamira","language":"Not recorded","isoCode":"xta, spa","glottocode":"alco1235, amer1254","family":"Unclassified","group":"Unclassified","country":"Mexico","adminArea":"Alcozauca de Guerrero Municipality"}},{"type":"Feature","geometry":{"type":"Point","coordinates":[-98.38416667,17.46111111]},"properties":{"name":"Alcozauca de Guerrero","language":"Not recorded","isoCode":"xta, spa","glottocode":"alco1235, amer1254","family":"Unclassified","group":"Unclassified","country":"Mexico","adminArea":"Alcozauca de Guerrero Municipality"}},{"type":"Feature","geometry":{"type":"Point","coordinates":[-97.92888889,17.06138889]},"properties":{"name":"San Miguel Copala","language":"San Martín Itunyoso Triqui","isoCode":"trq","glottocode":"sanm1298","family":"Otomanguean","group":"Triqui","country":"Mexico","adminArea":"Putla Villa de Guerrero Municipality"}},{"type":"Feature","geometry":{"type":"Point","coordinates":[-97.83972222,17.15666667]},"properties":{"name":"San Andrés Chicahuaxtla","language":"San Martín Itunyoso Triqui","isoCode":"trq","glottocode":"sanm1298","family":"Otomanguean","group":"Triqui","country":"Mexico","adminArea":"Putla Villa de Guerrero Municipality"}},{"type":"Feature","geometry":{"type":"Point","coordinates":[-97.88083,17.22806]},"properties":{"name":"San Martín Itunyoso","language":"San Martín Itunyoso Triqui","isoCode":"trq","glottocode":"sanm1298","family":"Otomanguean","group":"Triqui","country":"Mexico","adminArea":"San Martín Itunyoso Municipality"}},{"type":"Feature","geometry":{"type":"Point","coordinates":[-91.71177,15.66662]},"properties":{"name":"Jacaltenango","language":"Popti'","isoCode":"jac","glottocode":"popt1235","family":"Mayan","group":"Mayan","country":"Guatemala","adminArea":"Huehuetenango"}},{"type":"Feature","geometry":{"type":"Point","coordinates":[-91.70471,15.67869]},"properties":{"name":"San Marcos Huista","language":"Popti'","isoCode":"jac","glottocode":"popt1235","family":"Mayan","group":"Mayan","country":"Guatemala","adminArea":"Huehuetenango"}},{"type":"Feature","geometry":{"type":"Point","coordinates":[-91.73406,15.72382]},"properties":{"name":"San Andrés Huista","language":"Popti'","isoCode":"jac","glottocode":"popt1235","family":"Mayan","group":"Mayan","country":"Guatemala","adminArea":"Huehuetenango"}},{"type":"Feature","geometry":{"type":"Point","coordinates":[-91.64452,15.65228]},"properties":{"name":"Ajul","language":"Popti'","isoCode":"jac","glottocode":"popt1235","family":"Mayan","group":"Mayan","country":"Guatemala","adminArea":"Huehuetenango"}},{"type":"Feature","geometry":{"type":"Point","coordinates":[-91.60851,15.58117]},"properties":{"name":"Los Ramírez","language":"Popti'","isoCode":"jac","glottocode":"popt1235","family":"Mayan","group":"Mayan","country":"Guatemala","adminArea":"Huehuetenango"}},{"type":"Feature","geometry":{"type":"Point","coordinates":[-91.6008,15.61961]},"properties":{"name":"Yatolob","language":"Popti'","isoCode":"jac","glottocode":"popt1235","family":"Mayan","group":"Mayan","country":"Guatemala","adminArea":"Huehuetenango"}},{"type":"Feature","geometry":{"type":"Point","coordinates":[-91.71177,15.66662]},"properties":{"name":"Jacaltenango","language":"Popti'","isoCode":"jac","glottocode":"popt1235","family":"Mayan","group":"Mayan","country":"Guatemala","adminArea":"Huehuetenango"}},{"type":"Feature","geometry":{"type":"Point","coordinates":[-91.70471,15.67869]},"properties":{"name":"San Marcos Huista","language":"Popti'","isoCode":"jac","glottocode":"popt1235","family":"Mayan","group":"Mayan","country":"Guatemala","adminArea":"Huehuetenango"}},{"type":"Feature","geometry":{"type":"Point","coordinates":[-91.73406,15.72382]},"properties":{"name":"San Andrés Huista","language":"Popti'","isoCode":"jac","glottocode":"popt1235","family":"Mayan","group":"Mayan","country":"Guatemala","adminArea":"Huehuetenango"}},{"type":"Feature","geometry":{"type":"Point","coordinates":[-91.64452,15.65228]},"properties":{"name":"Ajul","language":"Popti'","isoCode":"jac","glottocode":"popt1235","family":"Mayan","group":"Mayan","country":"Guatemala","adminArea":"Huehuetenango"}},{"type":"Feature","geometry":{"type":"Point","coordinates":[-91.42994,15.65841]},"properties":{"name":"Soloma","language":"Popti'","isoCode":"jac","glottocode":"popt1235","family":"Mayan","group":"Mayan","country":"Guatemala","adminArea":"Huehuetenango"}},{"type":"Feature","geometry":{"type":"Point","coordinates":[-96.70583,16.80722]},"properties":{"name":"San Sebastián Ocotlán","language":"Ocotlán Zapotec","isoCode":"zac","glottocode":"ocot1244","family":"Otomanguean","group":"Zapotec","country":"Mexico","adminArea":"Santiago Apóstol Municipality"}},{"type":"Feature","geometry":{"type":"Point","coordinates":[-96.68388889,16.80305556]},"properties":{"name":"San Antonino Castillo Velasco","language":"Ocotlán Zapotec","isoCode":"zac","glottocode":"ocot1244","family":"Otomanguean","group":"Zapotec","country":"Mexico","adminArea":"San Antonino Castillo Velasco Municipality"}},{"type":"Feature","geometry":{"type":"Point","coordinates":[-96.72241389,16.80426305]},"properties":{"name":"Santiago Apóstol","language":"Ocotlán Zapotec","isoCode":"zac","glottocode":"ocot1244","family":"Otomanguean","group":"Zapotec","country":"Mexico","adminArea":"Santiago Apóstol Municipality"}},{"type":"Feature","geometry":{"type":"Point","coordinates":[-91.35095,15.6067]},"properties":{"name":"San Carlos Yajaucú","language":"Q'anjob'al","isoCode":"kjb","glottocode":"qanj1241","family":"Mayan","group":"Mayan","country":"Guatemala","adminArea":"Huehuetenango"}},{"type":"Feature","geometry":{"type":"Point","coordinates":[-91.4125,15.58962]},"properties":{"name":"Jolomhuitz","language":"Q'anjob'al","isoCode":"kjb","glottocode":"qanj1241","family":"Mayan","group":"Mayan","country":"Guatemala","adminArea":"Huehuetenango"}},{"type":"Feature","geometry":{"type":"Point","coordinates":[-91.42347,15.57171]},"properties":{"name":"San Lucas","language":"Q'anjob'al","isoCode":"kjb","glottocode":"qanj1241","family":"Mayan","group":"Mayan","country":"Guatemala","adminArea":"Huehuetenango"}},{"type":"Feature","geometry":{"type":"Point","coordinates":[-90.86045,15.41912]},"properties":{"name":"Siete Pinos","language":"Q'anjob'al","isoCode":"kjb","glottocode":"qanj1241","family":"Mayan","group":"Mayan","country":"Guatemala","adminArea":"Quiché"}},{"type":"Feature","geometry":{"type":"Point","coordinates":[-91.41319,15.60586]},"properties":{"name":"Tixap","language":"Q'anjob'al","isoCode":"kjb","glottocode":"qanj1241","family":"Mayan","group":"Mayan","country":"Guatemala","adminArea":"Huehuetenango"}},{"type":"Feature","geometry":{"type":"Point","coordinates":[-91.40343,15.59862]},"properties":{"name":"Chitamil","language":"Q'anjob'al","isoCode":"kjb","glottocode":"qanj1241","family":"Mayan","group":"Mayan","country":"Guatemala","adminArea":"Huehuetenango"}},{"type":"Feature","geometry":{"type":"Point","coordinates":[-91.4125,15.58962]},"properties":{"name":"Jolomhuitz","language":"Q'anjob'al","isoCode":"kjb","glottocode":"qanj1241","family":"Mayan","group":"Mayan","country":"Guatemala","adminArea":"Huehuetenango"}},{"type":"Feature","geometry":{"type":"Point","coordinates":[-91.37677,15.59056]},"properties":{"name":"Sachán","language":"Q'anjob'al","isoCode":"kjb","glottocode":"qanj1241","family":"Mayan","group":"Mayan","country":"Guatemala","adminArea":"Huehuetenango"}},{"type":"Feature","geometry":{"type":"Point","coordinates":[-91.6051,15.5116]},"properties":{"name":"Todos Santos Cuchumatán","language":"Not recorded","isoCode":"mam: mvj","glottocode":"mamm1241: mamt1235","family":"Unclassified","group":"Unclassified","country":"Guatemala","adminArea":"Huehuetenango Department"}},{"type":"Feature","geometry":{"type":"Point","coordinates":[-91.6051,15.5116]},"properties":{"name":"Todos Santos Cuchumatán","language":"Not recorded","isoCode":"mam: mvj","glottocode":"mamm1241: mamt1235","family":"Unclassified","group":"Unclassified","country":"Guatemala","adminArea":"Huehuetenango Department"}},{"type":"Feature","geometry":{"type":"Point","coordinates":[-91.5075,15.53741]},"properties":{"name":"Chemal","language":"Not recorded","isoCode":"mam: mvj","glottocode":"mamm1241: mamt1235","family":"Unclassified","group":"Unclassified","country":"Guatemala","adminArea":"Huehuetenango"}},{"type":"Feature","geometry":{"type":"Point","coordinates":[-91.64071,15.55159]},"properties":{"name":"Chicoy","language":"Not recorded","isoCode":"mam: mvj","glottocode":"mamm1241: mamt1235","family":"Unclassified","group":"Unclassified","country":"Guatemala","adminArea":"Huehuetenango"}},{"type":"Feature","geometry":{"type":"Point","coordinates":[-91.4586,15.7333]},"properties":{"name":"Santa Eulalia","language":"Q'anjob'al","isoCode":"kjb","glottocode":"qanj1241","family":"Mayan","group":"Mayan","country":"Guatemala","adminArea":"Huehuetenango Department"}},{"type":"Feature","geometry":{"type":"Point","coordinates":[-91.42155,15.67625]},"properties":{"name":"Majchá","language":"Q'anjob'al","isoCode":"kjb","glottocode":"qanj1241","family":"Mayan","group":"Mayan","country":"Guatemala","adminArea":"Huehuetenango"}},{"type":"Feature","geometry":{"type":"Point","coordinates":[-91.28293,14.6875]},"properties":{"name":"Tzanjay","language":"Not recorded","isoCode":"mam: mvj","glottocode":"mamm1241: mamt1235","family":"Unclassified","group":"Unclassified","country":"Guatemala","adminArea":"Sololá"}},{"type":"Feature","geometry":{"type":"Point","coordinates":[-91.42072,15.51885]},"properties":{"name":"Pozo de Parchac","language":"Popti'","isoCode":"jac","glottocode":"popt1235","family":"Mayan","group":"Mayan","country":"Guatemala","adminArea":"Huehuetenango"}},{"type":"Feature","geometry":{"type":"Point","coordinates":[-91.70471,15.67869]},"properties":{"name":"San Marcos Huista","language":"Popti'","isoCode":"jac","glottocode":"popt1235","family":"Mayan","group":"Mayan","country":"Guatemala","adminArea":"Huehuetenango"}},{"type":"Feature","geometry":{"type":"Point","coordinates":[-91.51666667,14.83333333]},"properties":{"name":"Quetzaltenango","language":"K'iche'","isoCode":"quc","glottocode":"kich1262","family":"Mayan","group":"Mayan","country":"Guatemala","adminArea":"Quetzaltenango Department"}},{"type":"Feature","geometry":{"type":"Point","coordinates":[-91.48333333,14.78333333]},"properties":{"name":"Zunil","language":"K'iche'","isoCode":"quc","glottocode":"kich1262","family":"Mayan","group":"Mayan","country":"Guatemala","adminArea":"Zunil"}},{"type":"Feature","geometry":{"type":"Point","coordinates":[-91.5,14.81666667]},"properties":{"name":"Almolonga","language":"K'iche'","isoCode":"quc","glottocode":"kich1262","family":"Mayan","group":"Mayan","country":"Guatemala","adminArea":"Almolonga"}},{"type":"Feature","geometry":{"type":"Point","coordinates":[-91.35833333,14.85416667]},"properties":{"name":"Nueva Santa Catarina Ixtahuacan","language":"K'iche'","isoCode":"quc","glottocode":"kich1262","family":"Mayan","group":"Mayan","country":"Guatemala","adminArea":"Sololá Department"}},{"type":"Feature","geometry":{"type":"Point","coordinates":[-91.51666667,14.83333333]},"properties":{"name":"Quetzaltenango","language":"K'iche'","isoCode":"quc","glottocode":"kich1262","family":"Mayan","group":"Mayan","country":"Guatemala","adminArea":"Quetzaltenango Department"}},{"type":"Feature","geometry":{"type":"Point","coordinates":[-91.36666667,14.8]},"properties":{"name":"Santa Catarina Ixtahuacan","language":"K'iche'","isoCode":"quc","glottocode":"kich1262","family":"Mayan","group":"Mayan","country":"Guatemala","adminArea":"Sololá Department"}}]}